Date,Price,Open,High,Low
2009-07-24,689,655.5,691.5,655.5
2009-07-28,682.5,696.75,708.75,679.25
2009-07-29,700.5,679.5,705,673.75
2009-07-30,715.5,707.25,722.25,702.75
2009-07-31,711.5,708.5,724.25,701.5
2009-08-03,744.5,712.75,749.75,712.75
2009-08-04,735,742,748,724.75
2009-08-05,738.5,728.75,745.5,728.5
2009-08-06,735.25,738.75,747.75,722
2009-08-07,734.25,735.25,743.25,729
2009-08-10,734.75,733,742.75,727
2009-08-11,723.75,730.75,742.5,718.75
2009-08-12,734.5,724.75,738.25,714.25
2009-08-13,749.75,737,758.75,736
2009-08-14,767.25,753.5,779.75,749.75
2009-08-17,732.75,760.75,763.75,725.75
2009-08-18,745.5,733.5,749.75,730.25
2009-08-19,751.75,742,753.75,733.75
2009-08-20,782,761,785.25,756
2009-08-21,781,781.5,808,772
2009-08-24,823.25,787.75,832.75,784.75
2009-08-25,812.75,823,833.75,810.25
2009-08-27,8,7.99,8.11,7.93
2009-08-28,8.05,8.06,8.13,7.99
2009-08-31,8.05,8.05,8.05,8.05
2009-09-01,7.96,8.03,8.14,7.85
2009-09-02,7.89,7.94,8.01,7.81
2009-09-03,7.78,7.93,7.93,7.78
2009-09-04,7.91,7.8,8,7.68
2009-09-08,8.02,7.99,8.04,7.9
2009-09-09,8.02,7.98,8.05,7.95
2009-09-10,8.06,8.07,8.08,7.99
2009-09-11,8.11,8.07,8.2,8.06
2009-09-14,8.02,8.02,8.08,7.87
2009-09-15,8.06,8.02,8.16,8
2009-09-16,8.63,8.09,9.05,8.06
2009-09-17,8.82,8.63,8.84,8.56
2009-09-18,878.5,871.5,885.5,869.25
2009-09-21,866.25,889.25,893.5,854.5
2009-09-23,8.81,8.74,8.85,8.68
2009-09-24,8.52,8.73,8.76,8.35
2009-09-25,8.42,8.52,8.54,8.39
2009-09-28,8.33,8.4,8.5,8.27
2009-09-29,8.46,8.37,8.51,8.24
2009-09-30,8.54,8.44,8.67,8.41
2009-10-02,825.5,839.75,839.75,821.75
2009-10-05,835.75,826.25,836.75,817.75
2009-10-06,871,839.75,874.5,838.25
2009-10-07,868.75,866,869.75,854.5
2009-10-08,871.75,875.25,883.5,864.75
2009-10-09,860.75,873.25,877,856.5
2009-10-12,885.5,862.5,893.5,859.5
2009-10-13,885.75,885.75,898.75,882.25
2009-10-14,893,891.5,900.25,881.75
2009-10-15,916.75,898,922.25,895.75
2009-10-16,910.5,923,929.5,904.5
2009-10-19,941.75,909.75,941.75,901.5
2009-10-20,934.5,938,949.5,926.5
2009-10-21,913,919,920.5,899
2009-10-22,892.75,895.75,906.5,884.25
2009-10-23,879.75,906,906,878
2009-10-26,881.75,880.75,894.25,872.25
2009-10-27,851.75,880.25,885,849.5
2009-10-28,827.75,848,852.25,825.5
2009-10-29,844.75,825.75,846.5,822.75
2009-10-30,847,844.25,873.75,841.5
2009-11-02,861.5,845.25,869.5,835.25
2009-11-03,857.25,865.75,865.75,848
2009-11-04,872,866.5,876.25,862
2009-11-05,882,866.5,892,861
2009-11-06,898,878.5,906,872.25
2009-11-09,916.75,914,919,912.25
2009-11-10,903.75,928.5,931.75,903.75
2009-11-11,912.25,907,919.5,895
2009-11-12,900.25,907.5,912.5,898.75
2009-11-13,882.75,898,899,879
2009-11-16,886.25,886.25,888.75,877
2009-11-17,871.75,882,884.75,869.5
2009-11-18,869.5,876.75,877,864
2009-11-19,855.25,864.25,869,853.75
2009-11-20,843,854,868.75,841.75
2009-11-23,855.25,842,864.75,842
2009-11-24,844.75,846.75,854,835.25
2009-11-25,825.25,852,852,825.25
2009-11-26,755.75,809,809,740.5
2009-11-27,775.75,743.5,783.75,733.5
2009-11-30,750.5,762.25,773,750.5
2009-12-01,764.25,761.5,783.25,750.5
2009-12-02,747.25,764,764,741.75
2009-12-03,754.75,747,757.25,744.75
2009-12-04,753.75,746.5,754.25,734.25
2009-12-07,740.5,747.25,748.25,735.25
2009-12-08,716.75,737,739.25,700.75
2009-12-09,713.5,713.25,717.75,704.75
2009-12-10,714.25,710.75,719.5,705.25
2009-12-11,692,716.5,725.75,691.75
2009-12-14,760.25,706.25,770.25,706.25
2009-12-15,750.25,767.5,767.5,737
2009-12-16,745.25,753.25,761.25,739
2009-12-17,726.25,738,745.25,722.5
2009-12-18,717.5,723.75,734,715.75
2009-12-21,707.75,731.25,731.25,707.25
2009-12-22,720,707,730,706
2009-12-23,715.5,720,725.25,708.5
2009-12-24,711.75,723.5,723.5,710.75
2009-12-29,718.75,717.75,729.5,711
2009-12-30,707.25,717.25,720.5,707.25
2009-12-31,714.25,711,720.25,706
2010-01-04,714.75,714.25,724.75,712.75
2010-01-05,719.25,715.75,732.75,715.5
2010-01-06,716.25,720.25,726.5,715.75
2010-01-07,724,716,727.25,708.75
2010-01-08,706.75,721.25,728.75,706.75
2010-01-11,710.75,709.75,719.5,706.25
2010-01-12,694.75,713.25,715.75,692.75
2010-01-13,682.25,691.25,693.25,677.25
2010-01-14,694.75,678.75,700.5,672.75
2010-01-15,685.25,696.5,698.5,680.75
2010-01-18,696.75,692.75,699,684.75
2010-01-19,700.5,692.75,703,684.75
2010-01-20,697.25,699.5,703.25,692.25
2010-01-21,695.25,698.75,703,690.75
2010-01-22,666.75,683.75,688,651.25
2010-01-25,661.75,662.25,669.25,656.5
2010-01-26,653.25,663,663.25,644.25
2010-01-27,635.25,644.25,647.5,630
2010-01-28,636.5,645.75,647.25,635.25
2010-01-29,643.25,639.75,646.25,631.25
2010-02-01,640,639.5,646.25,635.25
2010-02-02,647.75,641.5,652.75,640.25
2010-02-03,655.25,661.75,672.75,650
2010-02-04,650.75,655.75,667,643.25
2010-02-05,629.75,646.5,651.25,624
2010-02-08,641.25,632.25,644.75,628.75
2010-02-09,637.25,639.5,645.5,629.5
2010-02-10,655.5,642.5,657.5,640.5
2010-02-11,641.5,657.5,668.25,637.75
2010-02-12,640,647.75,649.25,631.75
2010-02-15,635.75,642.5,644.75,634
2010-02-16,648.25,642,650.25,639.25
2010-02-17,653.75,650.25,659.75,649.75
2010-02-18,663.25,655.25,665,650.75
2010-02-19,666.75,662.25,667.25,660
2010-02-22,663.25,665.25,667,653
2010-02-23,654.25,665.75,677.5,648.75
2010-02-24,659.5,657,663.75,651.25
2010-02-25,657,652,666.25,649.5
2010-02-26,666,660.5,667,657.5
2010-03-01,679,670.75,679,667
2010-03-02,688.25,681,692.25,677.5
2010-03-03,688.25,688.25,696,684
2010-03-04,697.5,681.25,697.5,681.25
2010-03-05,706.5,697.5,711.75,697.5
2010-03-08,711.75,708.75,713.75,704
2010-03-09,708.5,708.5,711.75,703.75
2010-03-10,725,706,727.5,706
2010-03-11,728.75,723.25,728.75,723.25
2010-03-12,735.25,730.5,735.25,730.5
2010-03-15,728.5,732.25,728.5,728.5
2010-03-16,734.25,731.25,734.25,731.25
2010-03-17,732,736.75,735,732
2010-03-18,741.5,732,741.5,732
2010-03-19,738.75,741.5,738.75,738.75
2010-03-22,734.25,739.25,734.25,734.25
2010-03-23,735.25,734.25,735.75,734.25
2010-03-24,740.5,735.25,740.75,735.25
2010-03-25,739,740.5,739,739
2010-03-26,735.25,739,735.25,735.25
2010-03-29,729.25,737.75,730.75,729.25
2010-03-30,723,729.25,723,723
2010-03-31,714.75,723,714.75,714.75
2010-04-01,730.75,714.75,730.75,714.75
2010-04-06,737,732.25,737,732.25
2010-04-07,732.25,737,732.25,731.75
2010-04-08,744,732.25,744,732.25
2010-04-09,746.75,744,746.75,744
2010-04-12,752.75,753.25,756.5,752.75
2010-04-13,758.75,752.75,758.75,752.75
2010-04-14,768.75,758.75,768.75,758.75
2010-04-15,767.75,768.75,767.75,767.75
2010-04-19,751.5,754,751.5,751.5
2010-04-20,749.75,751.5,749.75,749.75
2010-04-21,734.75,749.75,734.75,734.75
2010-04-22,727.25,734.75,728,727.25
2010-04-23,724.5,727.25,724.5,724.5
2010-04-26,723,728.5,723,723
2010-04-27,696,723,704.25,696
2010-04-28,683.5,696,683.5,683.5
2010-04-29,692.75,683.5,694,683.5
2010-04-30,685.25,692.75,685.25,685.25
2010-05-04,659,683.25,664.25,659
2010-05-05,650.25,659,658,650.25
2010-05-06,627.75,650.25,646,627.75
2010-05-07,632.5,627.75,632.5,627.75
2010-05-10,640,646.25,652.25,640
2010-05-11,639.5,640,640.75,639.5
2010-05-12,650,639.5,652,639.5
2010-05-13,652.5,650,657.25,650
2010-05-14,637,652.5,637,637
2010-05-17,656.75,636.5,656.75,636.5
2010-05-18,660.25,656.75,669.75,656.75
2010-05-19,660,660.25,660,660
2010-05-20,650.5,660,652.25,650.5
2010-05-21,648,650.5,648,648
2010-05-24,621.25,648.25,640.75,621.25
2010-05-25,618.75,621.25,618.75,618.75
2010-05-26,621.5,618.75,621.5,618.75
2010-05-27,645.5,621.5,645.5,621.5
2010-05-28,642.5,645.5,642.5,642.5
2010-06-01,629.75,646.75,637.5,629.75
2010-06-02,648,629.75,648,629.75
2010-06-03,643,648,648,643
2010-06-04,621.75,643,643,621.75
2010-06-07,613.75,603.75,613.75,603.75
2010-06-08,604.75,613.75,614,604.75
2010-06-09,590.5,604.75,604.75,590.5
2010-06-10,603,590.5,603,590.25
2010-06-11,618,603,618,602.5
2010-06-14,626.5,624.25,626.5,624
2010-06-15,645,626.5,645,626.25
2010-06-16,640.75,645,645.25,640.75
2010-06-17,639.75,640.75,641,639.75
2010-06-18,635.25,639.75,640,635.25
2010-06-21,641.25,642.25,647.25,641.25
2010-06-22,626.5,641.25,641.5,626.5
2010-06-23,610.5,626.5,626.75,610.5
2010-06-24,601,610.5,610.75,601
2010-06-25,602.5,601,602.5,600.5
2010-06-28,597.25,601.75,602,597.25
2010-06-29,570.75,597.25,597.5,570.75
2010-06-30,552.75,570.75,571.25,552.75
2010-07-01,543.25,552.75,553.25,543.25
2010-07-05,547.5,551.75,552,547.5
2010-07-06,569.75,547.5,572.75,547.25
2010-07-07,573.25,569.75,573.25,568.75
2010-07-08,584.5,573.25,586,572.75
2010-07-09,596.75,590.75,596.75,590.5
2010-07-12,592.5,595,595.25,592.5
2010-07-13,609.5,592.5,609.5,592.25
2010-07-14,624,609.5,624,609.5
2010-07-15,620,624,624.5,620
2010-07-16,624,620,624,620
2010-07-19,632.5,621,634,618.75
2010-07-20,625,636.5,636.5,625
2010-07-21,617,611.75,617,609
2010-07-22,627.5,613.75,627.5,613.5
2010-07-23,625.5,625.5,627,625.25
2010-07-26,628.5,630.75,631,628.5
2010-07-27,659.5,628.75,659.5,628.75
2010-07-29,658,657.75,658.75,657.5
2010-07-30,647,654.25,654.5,647
2010-08-02,663.5,654,663.5,653.75
2010-08-03,673,661,673,660.5
2010-08-04,666,673,673.5,666
2010-08-05,666.5,666.75,667.25,666.5
2010-08-06,656,667.75,668,656
2010-08-09,664.5,664.25,664.5,662.25
2010-08-10,658,661.75,662.25,657.5
2010-08-11,658.5,662.75,662.75,658.5
2010-08-12,650,656.75,657.25,650
2010-08-13,651,654,654.25,651
2010-08-16,652,653.25,653.5,651.25
2010-08-17,662,655.25,662,654.75
2010-08-18,657.5,658,659,657.5
2010-08-19,648.5,660.25,660.5,648.5
2010-08-20,648.5,648.25,648.5,648
2010-08-23,656.5,650,656.5,649
2010-08-24,648.5,654.75,654.75,648.5
2010-08-25,641.5,645.25,646.25,641.5
2010-08-26,640,646.5,646.75,640
2010-08-27,657.5,638.25,658.5,637.75
2010-08-31,660.5,647,660.5,646.75
2010-09-01,683,661.5,683,661.5
2010-09-02,700,680,700,679.75
2010-09-03,700,697.75,700.25,697.5
2010-09-06,694.5,700.25,700.5,694.5
2010-09-07,681.5,691.25,691.5,681.25
2010-09-08,687,676.5,687,676.25
2010-09-09,697,684.25,697,683.75
2010-09-10,709,693.5,709.75,693.25
2010-09-13,700,712,712.25,699.25
2010-09-14,689,699.5,699.75,689
2010-09-15,691.5,691.25,692,690.5
2010-09-16,686,688.25,688.75,686
2010-09-17,676,692,692.25,676
2010-09-20,693,678,693,677.5
2010-09-21,694.5,686.25,695.25,686.25
2010-09-22,686.5,694.25,694.25,686.5
2010-09-23,689,689.75,690.75,687.75
2010-09-24,702.5,685,702.5,684.75
2010-09-27,706.5,702.5,706.75,702.25
2010-09-28,699,704,704.25,696.5
2010-09-29,693.5,697.25,697.75,692.25
2010-09-30,681,688,688.5,681
2010-10-01,684.5,687.25,687.5,682.75
2010-10-04,675,683.25,683.5,675
2010-10-05,678,669,678,668.75
2010-10-06,679.5,676.25,679.5,676
2010-10-07,684,677.5,685.25,677
2010-10-08,679,680.25,682.25,679
2010-10-11,681.5,676,681.5,676
2010-10-12,681,677.75,682.75,677.5
2010-10-13,704,684.5,705,684.5
2010-10-14,700,705.5,705.75,699.25
2010-10-15,689.5,698.5,699.25,687.75
2010-10-18,698.5,686.75,699.25,686.5
2010-10-19,685.5,697.75,698.75,685.5
2010-10-20,686,683,686,682.5
2010-10-21,697,685.5,697.25,685.25
2010-10-22,705,692.75,705.75,692.5
2010-10-25,740,715.25,740.25,715
2010-10-26,735.5,739.5,739.5,735.5
2010-10-27,725,732.75,733.25,725
2010-10-28,718.5,729.75,731.5,717.5
2010-10-29,734,717,736.75,716.75
2010-11-01,742.5,736.5,742.5,736
2010-11-02,743.5,740.5,743.75,739.75
2010-11-03,743.5,738.25,743.5,737.75
2010-11-04,750,751,751.5,748.5
2010-11-05,750.5,753.25,753.5,748.5
2010-11-08,748.5,747.5,748.5,747.25
2010-11-09,750.5,747.25,751.75,746.5
2010-11-10,737,749,749.75,736.25
2010-11-11,735,739,739.75,735
2010-11-12,735,726,735.5,725.25
2010-11-15,740.5,733.25,741.25,732.5
2010-11-16,733.5,734.75,736.25,733
2010-11-17,717,731.25,731.75,717
2010-11-18,747.5,728,749.25,722.25
2010-11-19,757,747.75,757,747.5
2010-11-22,755,759.75,760.5,754.25
2010-11-23,752.5,753.75,754.5,752.5
2010-11-24,770,753.5,770.5,752.5
2010-11-25,795.5,771,799,768.5
2010-11-26,778,789.5,793,776.25
2010-11-29,775,780.5,786.75,768
2010-11-30,758.5,779.25,779.25,758.5
2010-12-01,767,758,771.75,755.75
2010-12-02,798,771.75,798.25,762
2010-12-03,789.5,796,799.75,776.5
2010-12-06,786.5,792,792,777.25
2010-12-07,799.5,789.75,809.75,786.75
2010-12-08,792,795.25,797,786.5
2010-12-09,812.5,796.75,814.75,796
2010-12-10,807,814.5,817,805.75
2010-12-13,805.5,811.5,813.25,801
2010-12-14,807,805,810.25,802.5
2010-12-15,806.5,800.75,806.75,797.75
2010-12-16,791.5,807.5,813.5,788.75
2010-12-17,823,795.25,823,792.5
2010-12-20,838.5,826.5,857.75,826.5
2010-12-21,840,843.5,846.25,835.5
2010-12-22,852.5,836.75,852.75,834.75
2010-12-23,851.5,850,854.75,846.25
2010-12-24,840,848.75,848.75,839
2010-12-29,845,840.25,858,839.5
2010-12-30,842.5,845.75,854.5,838.25
2010-12-31,838,844,845.5,834.5
2011-01-04,852,847.75,854.5,842.25
2011-01-05,868,851.5,869,845.75
2011-01-06,869.5,865.5,870.5,861
2011-01-07,891,869,891.75,865.75
2011-01-10,862.5,889,890,862.5
2011-01-11,906,865.75,906,864.75
2011-01-12,891.5,904.5,914.25,885
2011-01-13,878.5,878.25,878.5,852.5
2011-01-14,873.5,875.25,883.25,865.5
2011-01-17,880.5,865,886.75,862
2011-01-18,868.5,879.5,898.25,865.25
2011-01-19,855,870.5,872.25,848.75
2011-01-20,839.5,855,857.25,839.5
2011-01-21,847,836.75,856.75,830
2011-01-24,869.5,850,872.5,849.25
2011-01-25,866.5,871.5,876.75,865.25
2011-01-26,867.5,863.75,873.75,860.75
2011-01-27,873,861,878.5,857
2011-01-28,863.5,872.25,874.25,855.5
2011-01-31,846,864,864,841
2011-02-01,879.5,851.25,879.5,839
2011-02-02,886,882.75,902,878.25
2011-02-03,872,885,885.5,867.75
2011-02-04,877.5,873.25,879.5,866.5
2011-02-07,883,878,889.75,867.25
2011-02-08,892,882.25,892,876.75
2011-02-09,920,955.5,990.75,920
2011-02-10,907.5,925.25,939.75,905.5
2011-02-11,933,913.5,933.25,913.5
2011-02-14,930,946.5,946.75,926.5
2011-02-15,900,919,936.5,895.25
2011-02-16,920,900.5,924.5,895.5
2011-02-17,920.5,924.75,931.25,917.5
2011-02-18,919,922,924.25,911.5
2011-02-21,904.5,919.5,921.25,904.5
2011-02-22,904,904.5,911.5,887.25
2011-02-23,898.5,896.25,901.5,890.25
2011-02-24,893,894,894,885.5
2011-02-25,892.5,892.25,897.75,879.5
2011-02-28,900,892.25,904.75,886
2011-03-01,897.5,902.5,906.5,890.5
2011-03-02,885,889.5,891.75,879.75
2011-03-03,894,888.5,899.75,882.5
2011-03-04,889.5,894.75,899.5,885.25
2011-03-07,880.5,883,891.75,875.25
2011-03-08,877,881.25,882.25,868.75
2011-03-09,869,877.25,886.75,867
2011-03-10,845,861,864.5,832.25
2011-03-11,847,841.25,850,833.75
2011-03-14,842.5,845.75,856.75,839.25
2011-03-15,828,878.75,878.75,805
2011-03-16,821.5,833.5,838.25,815.75
2011-03-17,829,826.25,838.25,817.5
2011-03-18,839.5,833.5,845.25,832
2011-03-21,848.5,848.25,850.25,837.25
2011-03-22,831.5,848.25,853.75,827
2011-03-23,836,827,839.25,821.5
2011-03-24,853,855.75,860.5,844
2011-03-25,859.5,858,864.25,851.75
2011-03-28,850.5,860.75,869.75,849.25
2011-03-29,842.5,852,854.25,839.75
2011-03-30,838,865,865,835.25
2011-03-31,838,894,894,833.75
2011-04-01,855.5,813.5,861.25,813.5
2011-04-04,857.5,855.5,859.75,847
2011-04-05,861,858.25,865.5,852.75
2011-04-06,869,864.25,872.75,861.5
2011-04-07,863,867.75,873.75,858.75
2011-04-08,871,861.5,871,860
2011-04-11,880,871.75,880.25,863.75
2011-04-12,879,874.75,885,871
2011-04-13,872.5,883,893,871.25
2011-04-14,866.5,869,871.5,861.25
2011-04-15,870.5,869.25,873.5,862.25
2011-04-18,858,880.5,880.5,848
2011-04-19,865.5,864.5,869.5,856.25
2011-04-20,872.5,873,878.5,868.75
2011-04-21,871,879,881.25,867.75
2011-04-26,874,859.25,876,859.25
2011-04-27,876,862.75,879,862.75
2011-04-28,871.5,864.25,879,864.25
2011-05-03,868.5,872,881.5,865.5
2011-05-04,860.5,858,869.5,858
2011-05-05,845.5,863.25,865.25,844.5
2011-05-06,836,843.5,849.25,836
2011-05-09,826,829.25,837,823.5
2011-05-10,827.5,827,836.25,822
2011-05-11,831.5,830,841.25,822.5
2011-05-12,819,826,827.5,811.5
2011-05-13,827.5,848,898.5,827.5
2011-05-16,884,826,898.5,820.75
2011-05-17,879,880.75,894.75,872.75
2011-05-18,885.5,885.75,892.25,874
2011-05-19,912,850.25,917.25,850.25
2011-05-20,897,909.75,911,894.75
2011-05-23,889,892.5,894.25,882.5
2011-05-24,908,900.75,909.25,884.75
2011-05-25,930,913.75,936.5,903.25
2011-05-26,949,932.75,949,931
2011-05-27,990,959.5,993,955.5
2011-05-31,980.5,995.25,999.75,972.5
2011-06-01,981.5,980.5,987.75,978.5
2011-06-02,971,974,974,968.25
2011-06-03,972,973.25,977,965
2011-06-06,968.5,947.5,971.75,947.5
2011-06-07,960,967.5,973,960
2011-06-08,945,947.5,962.25,943.5
2011-06-09,945,946.75,950.75,940.5
2011-06-10,943.5,949.75,955.25,939.5
2011-06-13,949,940,954,939.25
2011-06-14,968.5,948.75,975,948.75
2011-06-15,955,966.5,972.75,951.25
2011-06-16,939,954.75,954.75,921.25
2011-06-17,948,928.5,948.75,928
2011-06-20,940,952.5,952.5,933
2011-06-21,957.5,942.75,957.75,939.5
2011-06-22,957.5,944,959.5,944
2011-06-23,956.5,950.5,968.5,948
2011-06-24,947.5,962,973.5,943.25
2011-06-27,937,940.75,947.25,933.5
2011-06-28,927,943.5,943.5,923.25
2011-06-29,956,931.5,956,928.5
2011-06-30,1062,992.5,1064.5,985.5
2011-07-01,1033,1064,1064,1025
2011-07-04,1059,1041.5,1059,1041
2011-07-05,1062,1054.5,1071.5,1054.5
2011-07-06,1065,1066,1066.5,1050.5
2011-07-07,1076,1069,1078.5,1060
2011-07-08,1050,1081.5,1085.5,1045.5
2011-07-11,1013,1048,1048,1009.5
2011-07-12,1002,999.75,1012,977.5
2011-07-13,1008,983,1009.5,983
2011-07-14,993,1001.5,1003.5,987.5
2011-07-15,988,985.25,999.75,981.75
2011-07-18,963.5,985.5,989.75,955.75
2011-07-19,996.5,978.5,996.5,964.5
2011-07-20,1030,1009,1038.5,1009
2011-07-21,1024,1034,1040,1006.5
2011-07-22,1050.5,1026,1062,1026
2011-07-25,1044,1054.5,1056.5,1035.5
2011-07-26,1045,1039.5,1053.5,1030
2011-07-27,1002,1027,1027,991
2011-07-28,1000,995.25,1003.5,985.25
2011-07-29,997,989,999.5,980
2011-08-01,992,998.5,1010.5,984.75
2011-08-02,965,989.75,991.5,957.75
2011-08-03,957.25,951.5,966.25,948.25
2011-08-04,919,967.25,968.75,916.25
2011-08-05,879,878.75,901,861.25
2011-08-08,838,873,893.25,830.25
2011-08-09,841,832.5,851,790.5
2011-08-10,812,860.75,867.25,804
2011-08-11,830.25,836.75,840.5,801
2011-08-12,859.5,841.75,859.5,813.25
2011-08-15,864.75,847.5,873.25,847.5
2011-08-16,870.5,860.75,870.5,851.5
2011-08-17,846,812.5,849.75,810.25
2011-08-18,804,830,840.25,799.25
2011-08-19,789,802,804.25,767
2011-08-22,790,780,807.5,777
2011-08-23,807.5,798.5,813.75,791
2011-08-24,832,813.5,835.5,803.75
2011-08-25,839.5,835,845.5,829.25
2011-08-26,848.5,834.25,849.75,829
2011-08-30,882.5,876,903.5,869.5
2011-08-31,918.5,893,925.25,883
2011-09-01,932.5,925.75,932.5,906.25
2011-09-02,911,921.25,921.25,901.5
2011-09-05,875.5,891.25,895.5,873.25
2011-09-06,860,873,890.5,853.5
2011-09-07,876,876,885.75,863
2011-09-08,883.5,878.5,891.75,864.5
2011-09-09,858,883.25,885.75,857.75
2011-09-12,836.5,839.75,851,833
2011-09-13,830,846.75,853.75,821.5
2011-09-14,847,820,848.75,820
2011-09-15,869.5,847.75,874.75,847.75
2011-09-16,871,873.5,886.25,870.75
2011-09-19,844.5,858,863,838
2011-09-20,862,837.75,867.5,837.5
2011-09-21,851.5,864.5,868.25,847
2011-09-22,813,833.25,834.25,804.25
2011-09-23,831,822.25,831.25,796
2011-09-26,827,828.75,854.25,816.25
2011-09-27,842.5,838.75,846.75,833.75
2011-09-28,840,841.25,849.5,824.25
2011-09-29,830.5,833,838,823.75
2011-09-30,809.46,826.25,827.25,797.5
2011-10-03,813,797.5,814,785.5
2011-10-04,772.5,806.25,807,763
2011-10-05,786,785.75,798,777.25
2011-10-06,803.5,794.25,810.75,785
2011-10-07,827.5,807.75,832,799
2011-10-10,851.5,831.5,861.75,821
2011-10-11,868.5,853.75,870.5,847.75
2011-10-12,882,865,884.75,860.5
2011-10-13,897.5,887.5,904,882.25
2011-10-14,923.5,903.5,930.25,897.5
2011-10-17,896.5,933,935.5,890.5
2011-10-18,890.5,884,901,882.75
2011-10-19,885,887.5,909.5,885
2011-10-20,855.5,883.5,886,853.75
2011-10-21,882,853.75,883,852.75
2011-10-24,902,882.5,908.5,877.75
2011-10-25,906.5,903.25,912.25,900.75
2011-10-26,916.5,905,925.25,897.5
2011-10-27,912,937,944.25,910.75
2011-10-28,912,924.75,924.75,901
2011-10-31,900,906.25,908,893.75
2011-11-01,853,875,882.25,844.25
2011-11-02,860,866.25,877,846.75
2011-11-03,879,846.5,881.5,845.5
2011-11-04,873,883.75,888.5,870.5
2011-11-07,897,872,906,854.25
2011-11-08,911,897.75,918.75,892.5
2011-11-09,854.5,919.25,922.5,853.5
2011-11-10,846.5,850.75,873.25,838
2011-11-11,870.5,861.5,875.75,844.25
2011-11-14,863.5,866,879,853
2011-11-15,830,846.5,846.5,812.25
2011-11-16,835,832,852.5,827.25
2011-11-17,818,832.5,832.5,797
2011-11-18,814,823.25,823.25,803.75
2011-11-21,789,815.5,820.25,789
2011-11-22,789.5,794.5,804.75,789.5
2011-11-23,788,782.5,801.25,782.5
2011-11-24,800,775.75,805,775.75
2011-11-25,807,799.25,811.25,790.5
2011-11-28,835,812,841.75,812
2011-11-29,834.5,835.75,841,816.75
2011-11-30,860.5,827.25,865,822.25
2011-12-01,852.5,869.5,872.25,845.75
2011-12-02,851,860.25,873.25,842.5
2011-12-05,854,861.5,863,853
2011-12-06,860,848.5,866,845.75
2011-12-07,833,857.5,866,825.75
2011-12-08,818.5,836,843.75,818
2011-12-09,820,815.75,825.5,808.5
2011-12-12,780,804.5,804.5,776.75
2011-12-13,776.05,790.25,790.75,768
2011-12-14,756.5,764,779.5,756.5
2011-12-15,774.5,758.5,777.25,752.25
2011-12-16,775,779.25,788,768.75
2011-12-19,777,781.75,783.25,771
2011-12-20,790,776,792.5,765.5
2011-12-21,780.5,798.75,800.25,774
2011-12-22,783,781.75,789.75,775.25
2011-12-23,786,785.25,797.5,779.75
2011-12-28,786,788,794.5,774.75
2011-12-29,794.5,790.75,799.25,784.25
2011-12-30,795,796,799.25,790.75
2012-01-03,804.75,802,808.75,794.25
2012-01-04,810,806,818.5,804.75
2012-01-05,784,819.25,819.25,782
2012-01-06,781,782.75,787.25,769.25
2012-01-09,777,780.75,783.5,771.25
2012-01-10,801,788.25,801,784.75
2012-01-11,812,803.75,817.5,796.25
2012-01-12,847.5,809.75,849.75,809.25
2012-01-13,853.5,857.5,866.75,842
2012-01-16,841.5,840,848,835.25
2012-01-17,847.5,848.5,860.25,843.75
2012-01-18,864,839.25,869.75,839.25
2012-01-19,883.5,870.75,890.5,865.5
2012-01-20,880,885.75,890.5,876.5
2012-01-23,899.5,877.75,899.5,873
2012-01-24,874,892.5,894.75,870.25
2012-01-25,867.5,880.25,880.25,857.75
2012-01-26,876,872.75,884.75,868.5
2012-01-27,865,881.25,897,858.5
2012-01-30,859.5,851.75,870.25,851.75
2012-01-31,870,865.75,873.75,861.5
2012-02-01,920,872,924.5,872
2012-02-02,925.5,918.75,926.25,907.5
2012-02-03,947,919.25,947,914.75
2012-02-06,944.5,947,954,931.75
2012-02-07,938.5,945,949.25,934.5
2012-02-08,936.5,945.75,948.75,930.75
2012-02-09,935.5,936.5,944,928.75
2012-02-10,924,928.25,930.25,916
2012-02-13,940,929.5,941,920.75
2012-02-14,942,931.25,958.75,930.25
2012-02-15,958.11,949,964.75,948.5
2012-02-16,941.5,952.25,952.25,933.5
2012-02-17,934.5,938.75,948.25,933.25
2012-02-20,942.44,945.75,949.25,931.75
2012-02-21,940.76,943.75,946.75,937.5
2012-02-22,933.73,940.75,944,930.5
2012-02-23,940.5,936.75,945.25,929.25
2012-02-24,938.5,944.25,944.5,934.75
2012-02-27,922,939.5,939.5,918.25
2012-02-28,923.5,922.25,930.25,918.5
2012-02-29,902,918.75,923,901
2012-03-01,903.5,906,918.75,897.75
2012-03-02,914,911,923,903.5
2012-03-05,905,911,913.25,898.25
2012-03-06,880,900.25,902.5,864.25
2012-03-07,883.5,879.5,886,873.75
2012-03-08,898,890.75,899.75,886
2012-03-09,955,916.5,990.5,913.75
2012-03-12,963.5,954.5,975.75,943.75
2012-03-13,997,970.25,997,967.25
2012-03-14,1001,997.25,1038.5,997.25
2012-03-15,998.5,1006.5,1008.5,990.5
2012-03-16,1014,1002.25,1028.5,1000.5
2012-03-19,1010,1015.5,1021,1001
2012-03-20,994,1006,1010.5,993.5
2012-03-21,1007,996.75,1011,995.25
2012-03-22,1005,1003,1010.5,996.5
2012-03-23,1009,1007.5,1010,993.75
2012-03-26,1023,1014.5,1023.5,1003.5
2012-03-27,1020,1025,1038,1016
2012-03-28,1015,1015,1021,1008.5
2012-03-29,1018,1014,1022,1011
2012-03-30,1034,1022.5,1039.5,1019.5
2012-04-02,1051,1033,1051,1024
2012-04-03,1060,1053,1064,1046
2012-04-04,1052,1075,1084.5,1049.5
2012-04-05,1059,1058.5,1070,1049.5
2012-04-10,1023,1046,1046,1023
2012-04-11,1035,1023,1041.5,1023
2012-04-12,1053,1034.5,1055,1034
2012-04-13,1035,1050.5,1054.5,1034
2012-04-16,1046,1029.5,1052.5,1029.5
2012-04-17,1068,1044.5,1072,1044.5
2012-04-18,1093,1068,1099,1066
2012-04-19,1076,1095.5,1103,1073.5
2012-04-20,1082,1073.5,1092.5,1070.5
2012-04-23,1062,1069,1078,1049
2012-04-24,1072,1065.5,1084,1056
2012-04-25,1069,1077.5,1083.5,1064.5
2012-04-26,1078,1075.5,1078.5,1061.5
2012-04-27,1082,1066.5,1091.5,1066.5
2012-04-30,1088,1089.5,1097.5,1079
2012-05-01,1075,1086,1093,1075
2012-05-02,1045,1078,1082.5,1044
2012-05-03,1053,1050,1058,1041
2012-05-04,1025,1051,1051,1025
2012-05-08,992,1025,1025,992
2012-05-09,984.5,994.25,996.5,967.25
2012-05-10,1034,992,1035.5,988.25
2012-05-11,1028,1029,1038,1013.5
2012-05-14,1005,1015.5,1017,994.5
2012-05-15,997.5,1009,1020,994.25
2012-05-16,989.5,987.75,1006,974.5
2012-05-17,964.5,994.25,999.75,962
2012-05-18,992,963.25,1024.5,955.5
2012-05-21,999,992.75,1005.5,986.5
2012-05-22,1021,1005.5,1025,1005.5
2012-05-23,947,946.5,955.5,936.75
2012-05-24,961.5,962.25,969.25,953
2012-05-25,964,960,971,959
2012-05-28,970,970.25,974.5,963
2012-05-29,982,978,986.75,967.5
2012-05-30,980,980.25,990,975.5
2012-05-31,1000,991,1000,977.5
2012-06-01,965,1001.5,1011.5,958.25
2012-06-06,973.5,976,992.5,966
2012-06-07,972,979,990.5,969.25
2012-06-08,977.5,966.25,977.5,958.25
2012-06-11,963,997.5,1000.25,962.75
2012-06-12,973.5,963,973.5,961
2012-06-13,984.5,975.75,984.5,966.75
2012-06-14,984,975.25,984.75,971.5
2012-06-15,983,983.75,996.25,967
2012-06-18,973.5,996.75,1000.75,966.25
2012-06-19,984.5,978,985.75,971.5
2012-06-20,1006,985.75,1006,978.5
2012-06-21,999.5,996.25,1007.5,993
2012-06-22,985.5,990,1001,984.75
2012-06-25,976,981.25,994.75,972.75
2012-06-26,969.5,979.25,983.75,964.25
2012-06-27,978,968.25,978.25,966.5
2012-06-28,958.76,978,982.25,954
2012-06-29,1004,972.75,1005.5,962
2012-07-02,1024,1008.5,1025.5,1003
2012-07-03,1021,1032,1032,1017.5
2012-07-04,1024,1018.5,1029.5,1012.5
2012-07-05,1007,1027,1027,1001
2012-07-06,999,1009,1010,996.5
2012-07-09,992,998.75,1003.5,987.25
2012-07-10,1006,995,1012.5,989.75
2012-07-11,1006,1006,1009.5,996.75
2012-07-12,1005,995.75,1012,995.75
2012-07-13,1026,1008.5,1030.5,1005.5
2012-07-16,1018,1025,1029,1013.5
2012-07-17,1013,1008,1018.5,1005
2012-07-18,1002,1010.5,1010.5,984.25
2012-07-19,1023,1026,1029,998.75
2012-07-20,1007,1041.5,1048,1004.5
2012-07-23,968,999.25,1015.5,963.5
2012-07-24,947.5,965.5,974.5,945.75
2012-07-25,940,934.25,947.25,934.25
2012-07-26,962.5,941.75,962.75,926.25
2012-07-27,980.5,969,985.75,969
2012-07-30,981.5,984,993.75,967.75
2012-07-31,969.5,979,990.75,971
2012-08-01,968,963.75,969.5,953.5
2012-08-02,942.5,969.25,972.25,942.5
2012-08-03,962.5,946.75,970.5,946
2012-08-06,995.5,965,1001,950.75
2012-08-07,992.5,1001,1003,984
2012-08-08,993.5,991,994,976.5
2012-08-09,1006,1000,1008,995.5
2012-08-10,1004,1007,1007,994
2012-08-13,1007,994,1015,994
2012-08-14,1019,1017,1023,1008
2012-08-15,1009,1011,1025.66,1003
2012-08-16,1021,1009,1025,1009
2012-08-17,1040,1021,1040.51,1021
2012-08-20,1013,1035,1042.7,1011
2012-08-21,1008,1028,1028,1000
2012-08-22,1000,997.5,1008,994.5
2012-08-23,994,990.5,1006,986.5
2012-08-24,982,997,997,973
2012-08-28,973.5,980,987,963
2012-08-29,973.5,970,979,966.5
2012-08-30,985,970,991.5,962
2012-08-31,993.5,985.5,1000,985
2012-09-03,985.5,988,1005,974
2012-09-04,986.5,991.5,991.5,981.5
2012-09-05,975.5,982.5,989.5,973.5
2012-09-06,993,980,996.5,966.5
2012-09-07,1019,998,1024,995.5
2012-09-10,1016,1013,1027,1013
2012-09-11,1030,1021,1033.68,1010.71
2012-09-12,1044,1036,1048,1020
2012-09-13,1052,1038,1054,1038
2012-09-14,1105,1066,1106,1064.6
2012-09-17,1097,1096,1110,1095
2012-09-18,1077,1095,1099,1077
2012-09-19,1088,1076,1091,1073
2012-09-20,1070,1078,1078,1062
2012-09-21,1077,1077,1082,1073
2012-09-24,1074,1073,1074.11,1062
2012-09-25,1060,1070,1070,1055
2012-09-26,1036,1049,1055,1031
2012-09-27,1025,1039,1045,1022
2012-09-28,943,1000,1003,930
2012-10-01,933,940,950,930.5
2012-10-02,956.5,930.5,956.5,922
2012-10-03,980,957,980.5,956
2012-10-04,972.5,977.5,989.5,968
2012-10-05,985,975,986,967
2012-10-08,976.5,978,990.5,966.5
2012-10-09,959.5,977,978,959.5
2012-10-10,946.5,956,961,946.5
2012-10-11,942.5,944,950,933
2012-10-12,932.5,939,945,932.5
2012-10-15,957,930.5,957.5,923
2012-10-16,988,967.5,988.5,957.5
2012-10-17,1000,991,1002,986.77
2012-10-18,1005,1000,1017,1000
2012-10-19,1002,1001,1004,999
2012-10-22,986.5,1000,1006,985.5
2012-10-23,977,989.5,989.5,974.5
2012-10-24,968.5,979,980.5,965.75
2012-10-25,978,967.5,998.5,967.5
2012-10-26,968.5,972.5,979.5,961.5
2012-10-29,967.5,965.5,973,956.5
2012-10-30,976.5,967,990,967
2012-10-31,975.5,980,988.5,975.5
2012-11-01,973,974.5,979.5,972
2012-11-02,963,971.5,977,963
2012-11-05,964.5,957,969.5,954.5
2012-11-06,971,964.5,974,955.5
2012-11-07,962.5,975.5,979.5,962
2012-11-08,965,961,970,955.47
2012-11-09,967,964.5,969.5,953
2012-11-12,969,966,982,963
2012-11-13,974.5,963,978.5,954
2012-11-14,953,972.5,974,947
2012-11-15,930,951,952,926.5
2012-11-16,936,938.5,941,913.5
2012-11-19,987,946.5,987.1,943.5
2012-11-20,985.5,971,985.5,963.5
2012-11-21,982.5,980.5,987,969.5
2012-11-22,984,987.5,989.5,972
2012-11-23,985.5,982.5,988,969
2012-11-26,975.5,983,988,968.5
2012-11-27,976,977,986,970
2012-11-28,975,975.5,976,964.5
2012-11-29,979.5,980.5,986.5,971
2012-11-30,977.5,983.5,988.5,976.5
2012-12-03,975.5,977.5,984.5,972
2012-12-04,971,967,981.5,967
2012-12-05,972,972,974,960.5
2012-12-06,972.5,977.5,986.5,969.5
2012-12-07,977,971,977,968.5
2012-12-10,984.5,967.5,988,966
2012-12-11,985.5,990,993.5,985
2012-12-12,1012,990,1020,987
2012-12-13,1010,1020,1020,1002
2012-12-14,1052,1011,1061,1010
2012-12-17,1070,1055,1074,1050
2012-12-18,1075,1074,1086,1065
2012-12-19,1106,1080,1120,1079.58
2012-12-20,1100,1110,1123.91,1086
2012-12-21,1093,1091,1096,1081
2012-12-24,1096,1077,1097,1076.48
2012-12-27,1091,1084,1102,1083
2012-12-28,1096,1095,1098,1085.05
2012-12-31,1088,1098,1111,1080
2013-01-02,1113,1109,1122,1101
2013-01-03,1118,1110,1125,1109.17
2013-01-04,1136,1121,1136.11,1117
2013-01-07,1152,1139,1156,1134
2013-01-08,1120,1148,1149.2,1114
2013-01-09,1141,1124,1145,1120
2013-01-10,1139,1140,1148,1137
2013-01-11,1156,1142,1156,1141
2013-01-14,1143,1150,1159.28,1139
2013-01-15,1135,1138,1149,1135
2013-01-16,1153,1131,1153.12,1123
2013-01-17,1174,1148,1174.12,1148
2013-01-18,1169,1174,1175,1162
2013-01-21,1181,1168,1182,1165
2013-01-22,1180,1165,1180.12,1162
2013-01-23,1183,1179,1184,1172
2013-01-24,1205,1190,1205,1175.12
2013-01-25,1225,1194,1225.12,1191
2013-01-28,1249,1226,1249,1223
2013-01-29,1244,1240,1248,1234.3
2013-01-30,1213,1256,1256,1203
2013-01-31,1204,1211,1216,1200
2013-02-01,1226,1202,1252,1202
2013-02-04,1209,1226,1236,1209
2013-02-05,1234,1204,1244,1201.44
2013-02-06,1263,1231,1271,1231
2013-02-07,1250,1256,1266,1247
2013-02-08,1260,1249,1261,1241.56
2013-02-11,1154.2,1161.6,1162.5,1152.3
2013-02-12,1208.5,1154.2,1216.8,1154.2
2013-02-13,1227,1203.9,1232.5,1187.4
2013-02-14,1235.3,1224.2,1238.9,1212.2
2013-02-15,1186.4,1229.7,1229.7,1144.1
2013-02-18,1197.5,1191,1210.4,1180
2013-02-19,1213.2,1197.5,1215.9,1189.2
2013-02-20,1227.9,1212.2,1235.3,1208.5
2013-02-21,1197.5,1224.2,1224.2,1189.2
2013-02-22,1221.4,1204.9,1221.4,1202.1
2013-02-25,1237.1,1231.6,1292.4,1218.7
2013-02-26,1198.4,1208.5,1216.8,1194.7
2013-02-27,1216.8,1203,1218.7,1192.9
2013-02-28,1228.8,1221.4,1237.1,1212.2
2013-03-01,1245.4,1226,1250,1213.2
2013-03-04,1238,1239.9,1245.7,1218.7
2013-03-05,1262.9,1245.4,1279.5,1244.5
2013-03-06,1285.9,1264.7,1300.7,1259.2
2013-03-07,1273,1288.7,1297.9,1263.8
2013-03-08,1273.9,1281.3,1293,1272.1
2013-03-11,1282.2,1258.3,1285.9,1258.3
2013-03-12,1299.7,1283.2,1318.2,1283.2
2013-03-13,1289.6,1297.9,1300.7,1265.1
2013-03-14,1283.2,1292.4,1297.5,1274.9
2013-03-15,1275.8,1285.9,1294.2,1271.2
2013-03-18,1263.8,1254.6,1278.5,1254.6
2013-03-19,1249.1,1263.8,1264.7,1241.7
2013-03-20,1239.9,1253.7,1257.4,1236.2
2013-03-21,1228.8,1235.3,1238.9,1214.1
2013-03-22,1211.3,1221.4,1226,1206.7
2013-03-25,1190.1,1219.6,1232.5,1185.5
2013-03-26,1215.9,1194.7,1220.5,1191
2013-03-27,1220.5,1219.6,1234.3,1203
2013-03-28,1203,1219.6,1227,1198.4
2013-04-02,1224.2,1196.6,1226,1194.7
2013-04-03,1200.2,1217.8,1222.4,1199.3
2013-04-04,1170.8,1205.8,1205.8,1170.8
2013-04-05,1140.4,1170.8,1176.3,1140.4
2013-04-08,1158.8,1157,1165.2,1148.7
2013-04-09,1158.8,1158.8,1174.5,1153.3
2013-04-10,1195.7,1152.3,1203,1152.3
2013-04-11,1206.7,1190.1,1215,1185.5
2013-04-12,1206.7,1194.7,1209.5,1194.7
2013-04-15,1192,1200.2,1208.5,1183.2
2013-04-16,1180,1182.8,1193.8,1175.4
2013-04-17,1180.9,1192.9,1192.9,1160
2013-04-18,1186.4,1181.8,1193.8,1176.3
2013-04-19,1193.8,1191,1197.5,1185.5
2013-04-22,1192.9,1192,1205.8,1186.4
2013-04-23,1206.7,1190.1,1214.1,1183.7
2013-04-24,1210.4,1205.8,1219.6,1205.8
2013-04-25,1208.5,1207.6,1215.9,1199.3
2013-04-26,1206.7,1201.2,1206.7,1197.5
2013-04-29,1237.1,1209.5,1237.1,1206.7
2013-04-30,1235.3,1238,1242.7,1225.1
2013-05-01,1238,1243.5,1243.5,1225.1
2013-05-02,1233.4,1234.1,1241.7,1209.5
2013-05-03,1233.4,1227,1245.4,1222.4
2013-05-07,1232.5,1224.2,1242.6,1224.2
2013-05-08,1246.3,1237.1,1255.5,1234.3
2013-05-09,1245.4,1241.7,1249.1,1241.7
2013-05-10,1242.6,1234.3,1254.6,1234.3
2013-05-13,1233.4,1241.7,1246.2,1231.6
2013-05-14,1229.7,1232.5,1238.1,1223.3
2013-05-15,1295.1,1235.3,1315.4,1235.3
2013-05-16,1276.7,1306.2,1306.2,1275.8
2013-05-17,1288.7,1280.4,1291.5,1261
2013-05-20,1313.5,1293.3,1316.3,1293.3
2013-05-21,1305.3,1302.5,1312.6,1293.3
2013-05-22,1310.8,1295.1,1326.5,1295.1
2013-05-23,1287.8,1284.1,1291.5,1271.2
2013-05-24,1272.1,1296,1296.6,1265.7
2013-05-28,1301.6,1285,1305,1281.3
2013-05-29,1271.2,1316.3,1317.2,1269.3
2013-05-30,1320.9,1269.3,1320.9,1269.3
2013-05-31,1295.1,1308,1326.5,1289.6
2013-06-03,1272.1,1281.3,1297,1267.5
2013-06-04,1293.3,1280.4,1298.8,1268.4
2013-06-05,1285.9,1287.8,1295.1,1283.2
2013-06-06,1280.4,1282.2,1293.3,1277.6
2013-06-07,1273,1282.2,1286.8,1262
2013-06-10,1278.6,1271.2,1297,1269.3
2013-06-11,1244.5,1275.8,1280.4,1231.6
2013-06-12,1238.9,1243.5,1261,1231.6
2013-06-13,1256.4,1233.4,1256.4,1217.8
2013-06-14,1250,1264.7,1273,1247.2
2013-06-17,1262.9,1256.4,1272.1,1252.8
2013-06-18,1282.2,1267.5,1287.8,1260.1
2013-06-19,1265.7,1278.6,1279.5,1254.6
2013-06-20,1224.2,1249.1,1254.6,1220.5
2013-06-21,1215,1228.8,1258.3,1215
2013-06-24,1190.1,1215.9,1217.8,1177.2
2013-06-25,1198.4,1195.6,1205.8,1186.4
2013-06-26,1218.7,1200.3,1225.1,1197.5
2013-06-27,1220.5,1225.1,1231.6,1204.9
2013-06-28,1231.6,1216.8,1243.5,1215.9
2013-07-01,1267.5,1236.2,1273.9,1225.1
2013-07-02,1285.9,1267.5,1290.5,1259.2
2013-07-03,1304.3,1285.9,1306.2,1282.2
2013-07-04,1350.4,1305.3,1355,1303.4
2013-07-05,1341.2,1352.2,1362.4,1329.2
2013-07-08,1355,1350.4,1365.1,1343
2013-07-09,1380.8,1363.3,1389.6,1357.8
2013-07-10,1374.3,1369.7,1384.6,1350.4
2013-07-11,1372.5,1385.4,1398.7,1363.3
2013-07-12,1349.5,1374.3,1376.2,1338.4
2013-07-15,1358.7,1354.1,1365.1,1333.8
2013-07-16,1345.8,1355.9,1364.2,1341.2
2013-07-17,1363.3,1351.3,1374.3,1335.7
2013-07-18,1464.6,1386.3,1472,1386.3
2013-07-19,1437.9,1452.6,1464.6,1432.4
2013-07-22,1437.9,1411.2,1442.5,1411.2
2013-07-23,1432.4,1449,1449,1426.8
2013-07-24,1419.5,1418.6,1432.4,1412.1
2013-07-25,1421.3,1415.8,1428.7,1406.6
2013-07-26,1416.7,1433.3,1433.3,1410.3
2013-07-29,1423.2,1421.3,1437.9,1413.2
2013-07-30,1432.4,1426.9,1434.2,1414.9
2013-07-31,1449.9,1437,1470.1,1432.4
2013-08-01,1457.3,1457.3,1481.2,1448
2013-08-02,1460.9,1460.9,1465.5,1446.2
2013-08-05,1492.3,1463.7,1498.7,1463.7
2013-08-06,1494.1,1489.5,1504.2,1483
2013-08-07,1480.3,1490.4,1497.8,1473.8
2013-08-08,1489.5,1479.4,1500.5,1479.4
2013-08-09,1486.7,1494.1,1497.8,1482.1
2013-08-12,1447.1,1481.2,1485.8,1441.6
2013-08-13,1437.9,1452.6,1455.4,1428.7
2013-08-14,1449,1436.1,1453.6,1436.1
2013-08-15,1434.2,1448,1453.6,1430.5
2013-08-16,1440.7,1432.4,1444.4,1429.6
2013-08-19,1432.4,1442.5,1449,1427.8
2013-08-20,1423.2,1418.6,1423.2,1402
2013-08-21,1442.5,1425.9,1449.9,1425
2013-08-22,1455.4,1436.1,1462.8,1430.5
2013-08-23,1475.7,1449.9,1483,1445.3
2013-08-27,1443.4,1468.3,1476.6,1436.1
2013-08-28,1438.8,1437,1443.4,1431.5
2013-08-29,1451.7,1445.3,1466.5,1441.6
2013-08-30,1437,1455.4,1455.4,1436.1
2013-09-02,1461.9,1444.4,1470.1,1444.4
2013-09-03,1449.9,1459.1,1461.9,1438.8
2013-09-04,1446.2,1449,1449.9,1433.3
2013-09-05,1474.8,1464.6,1485.8,1449.9
2013-09-06,1485.8,1470.1,1487.7,1457.3
2013-09-09,1484.9,1488.6,1491.3,1477.5
2013-09-10,1521.7,1492.3,1525.4,1490.4
2013-09-11,1490.4,1523.6,1533.7,1483
2013-09-12,1492.3,1491.3,1500.5,1475.7
2013-09-13,1494.1,1483,1495.9,1480.3
2013-09-16,1495.9,1512.5,1512.5,1494.1
2013-09-17,1488.6,1502.4,1506.1,1488.1
2013-09-18,1476.6,1492.3,1492.3,1472
2013-09-19,1473.8,1494.1,1497.8,1469.2
2013-09-20,1435.1,1469.2,1480.3,1435.1
2013-09-23,1436.1,1435.1,1466,1433.3
2013-09-24,1451.7,1440.7,1461,1434.2
2013-09-25,1444.4,1448,1464.6,1439.8
2013-09-26,1443.4,1459.1,1459.1,1433.3
2013-09-27,1442.5,1446.2,1449.9,1437
2013-09-30,1415.8,1425.9,1427.8,1400.1
2013-10-01,1443.4,1421.3,1445.3,1414.9
2013-10-02,1434.2,1439.8,1441.1,1425
2013-10-03,1425.9,1426.9,1438.8,1417.6
2013-10-04,1426.9,1421.3,1430.7,1420.4
2013-10-07,1415.8,1421.3,1421.3,1401.1
2013-10-08,1405.7,1411.2,1417.6,1396.5
2013-10-09,1390.9,1402,1404.7,1382.6
2013-10-10,1429.6,1397.4,1429.6,1390.9
2013-10-11,1452.6,1427.8,1453.6,1424.1
2013-10-14,1462.8,1445.3,1463.7,1435.1
2013-10-15,1492.3,1467.4,1493.2,1466.5
2013-10-16,1493.2,1480.3,1495,1468.3
2013-10-17,1519.9,1487.7,1519.9,1484.9
2013-10-18,1519.9,1525.4,1526.3,1507
2013-10-21,1517.1,1518,1520.8,1507.9
2013-10-22,1522.7,1515.3,1539.5,1514.4
2013-10-23,1533.7,1522.7,1533.7,1517.1
2013-10-24,1531.9,1532.8,1536.5,1522.7
2013-10-25,1549.4,1528.2,1549.4,1528.2
2013-10-28,1540.2,1571.5,1571.5,1534.6
2013-10-29,1539.2,1540.2,1540.7,1532.1
2013-10-30,1513.4,1538.3,1551.3,1505.2
2013-10-31,1512.5,1519.9,1528.2,1500.5
2013-11-01,1502.4,1515.3,1517.1,1494.1
2013-11-04,1497.8,1504.2,1514.4,1497.8
2013-11-05,1484,1503.3,1503.3,1464.6
2013-11-06,1496.9,1495,1503.3,1491.3
2013-11-07,1473.8,1497.8,1499.6,1473.8
2013-11-08,1481.2,1468.3,1482.1,1447.1
2013-11-11,1489.5,1489.5,1492.3,1482.1
2013-11-12,1478.4,1493.2,1497.8,1473.8
2013-11-13,1432.4,1472,1479.4,1416.7
2013-11-14,1437.9,1427.8,1453.6,1427.8
2013-11-15,1455.4,1445.3,1456.3,1440.7
2013-11-18,1460,1450.8,1467.4,1450.8
2013-11-19,1448,1449,1451.7,1446.2
2013-11-20,1459.1,1443.4,1473.8,1439.8
2013-11-21,1478.4,1448,1482.1,1448
2013-11-22,1478.4,1475.7,1490,1471.1
2013-11-25,1492.3,1484.9,1499.6,1484.9
2013-11-26,1496.9,1487.7,1504.7,1483
2013-11-27,1496.9,1504.2,1506.1,1489.5
2013-11-28,1487.7,1499.6,1499.6,1484
2013-11-29,1498.7,1490.4,1498.7,1482.4
2013-12-02,1484.9,1500.5,1504.2,1484.9
2013-12-03,1470.1,1483,1498.7,1469.2
2013-12-04,1460,1459.1,1469.2,1451.7
2013-12-05,1457.3,1451.7,1462.8,1449.9
2013-12-06,1497.8,1481.2,1514.4,1472
2013-12-09,1490.4,1497.8,1498.8,1484.9
2013-12-10,1484,1495.9,1499.6,1484
2013-12-11,1469.2,1481.2,1494.8,1468.3
2013-12-12,1460.9,1466.5,1466.5,1455.4
2013-12-13,1455.4,1457.3,1462.8,1453.6
2013-12-16,1485.8,1455.4,1486.7,1455.4
2013-12-17,1473.8,1482.1,1485.8,1471.1
2013-12-18,1485.8,1478.4,1487.7,1469.2
2013-12-19,1521.7,1494.1,1521.7,1493.2
2013-12-20,1544.8,1515.3,1549.4,1511.6
2013-12-23,1576.1,1546.6,1576.1,1537.4
2013-12-24,1574.2,1575.2,1581.2,1547.5
2013-12-27,1584.4,1575.2,1588.1,1552.1
2013-12-30,1587.1,1582.5,1593.6,1565.9
2013-12-31,1596.3,1585.3,1599.1,1585.3
2014-01-02,1603.7,1604.6,1606.1,1576.1
2014-01-03,1614.8,1597.3,1623.1,1596.6
2014-01-06,1607.4,1610.2,1624.9,1598.2
2014-01-07,1614.8,1606.5,1618.5,1591.7
2014-01-08,1625.8,1617.5,1631.3,1610.2
2014-01-09,1643.3,1628.6,1655.3,1625.8
2014-01-10,1657.1,1653.5,1670,1646.1
2014-01-13,1658.1,1656.2,1668.2,1652.5
2014-01-14,1670,1637.8,1671.9,1629.5
2014-01-15,1685.7,1671,1690,1667.3
2014-01-16,1667.3,1677.4,1689.4,1666.4
2014-01-17,1692.1,1665.4,1699.5,1665.4
2014-01-20,1683.9,1698.6,1707.8,1683.9
2014-01-21,1676.5,1677.4,1694.9,1676.5
2014-01-22,1707.8,1681.1,1710,1673.7
2014-01-23,1715.2,1704.1,1740,1694
2014-01-24,1668.2,1699.5,1726.2,1664.5
2014-01-27,1677.4,1672.8,1683.9,1650.7
2014-01-28,1721.6,1682.9,1727.1,1676.5
2014-01-29,1726.2,1731.8,1739.1,1714.3
2014-01-30,1727.1,1723.5,1733.6,1709.1
2014-01-31,1694.9,1725.3,1729,1675.6
2014-02-03,1671,1689.4,1699.5,1669.1
2014-02-04,1694.9,1661.7,1708.7,1647.9
2014-02-05,1689.4,1694.9,1720.7,1685
2014-02-06,1725.3,1697.7,1731.8,1694
2014-02-07,1776,1734.5,1779.3,1726.2
2014-02-10,1758.5,1781.5,1785.6,1752.9
2014-02-11,1786.1,1761.2,1789.8,1761.2
2014-02-12,1787,1792.5,1804.5,1782.4
2014-02-13,1774.1,1788.9,1793.5,1764
2014-02-14,1787,1771.4,1789.8,1757.5
2014-02-17,1802.7,1784.3,1821.1,1777.8
2014-02-18,1843.2,1810.1,1846,1801.8
2014-02-19,1849.7,1842.3,1857.5,1835.8
2014-02-20,1846.9,1835.8,1846.9,1822
2014-02-21,1864.4,1855.2,1867.2,1834
2014-02-24,1869.9,1859.8,1875.1,1850.6
2014-02-25,1877.3,1871.8,1881,1852.4
2014-02-26,1853.3,1873.6,1881,1853.3
2014-02-27,1844.1,1856.1,1858.3,1831.2
2014-02-28,1867.2,1845.1,1872.7,1835.8
2014-03-03,1838.6,1832.2,1840.5,1805.4
2014-03-04,1857,1857,1866.2,1844.1
2014-03-05,1851.5,1849.7,1859.8,1837.7
2014-03-06,1858,1858,1872.7,1852.4
2014-03-07,1853.3,1858,1869,1847.8
2014-03-10,1840.5,1851.5,1891.1,1840.5
2014-03-11,1828.5,1846.9,1861.6,1820.2
2014-03-12,1802.7,1822,1822,1783.3
2014-03-13,1773.2,1811,1811,1773.2
2014-03-14,1752,1764.9,1764.9,1736.4
2014-03-17,1796.2,1751.1,1802.7,1751.1
2014-03-18,1821.1,1796.2,1825,1788.9
2014-03-19,1848.7,1821.1,1850.6,1814.7
2014-03-20,1818.3,1835.8,1871.8,1816.5
2014-03-21,1822.9,1822,1827.6,1811.9
2014-03-24,1812.8,1813.7,1824.8,1803.6
2014-03-25,1822,1814.7,1831.2,1811
2014-03-26,1833.1,1824.8,1846,1822.9
2014-03-27,1843.2,1831.2,1844.1,1811
2014-03-28,1822.9,1844.1,1850.1,1821.1
2014-03-31,1814.7,1832.2,1836.8,1811
2014-04-01,1842.3,1823.9,1849.5,1814.7
2014-04-02,1846,1848.7,1857,1843.2
2014-04-03,1825.7,1847.8,1854.3,1822
2014-04-04,1831.2,1826.6,1846,1826.6
2014-04-07,1781.5,1811.9,1813.7,1781.5
2014-04-08,1741.9,1779.7,1785.2,1722.5
2014-04-09,1745.6,1749.3,1765.8,1744.7
2014-04-10,1736.4,1751.1,1760.3,1736.4
2014-04-11,1660.8,1725.3,1727.1,1659.9
2014-04-14,1635,1659.9,1659.9,1622.1
2014-04-15,1624,1638.7,1646.1,1621.2
2014-04-16,1666.4,1633.2,1671.3,1633.2
2014-04-17,1694,1671,1696.8,1663.6
2014-04-22,1708.7,1694.9,1716.1,1688.5
2014-04-23,1685.7,1708.7,1709.6,1683.9
2014-04-24,1681.1,1690.3,1697.7,1668.2
2014-04-25,1672.8,1673.7,1682.9,1666.4
2014-04-28,1676.5,1670,1690.3,1670
2014-04-29,1675.6,1680.2,1694.9,1673.7
2014-04-30,1669.1,1669.1,1676.5,1657.1
2014-05-01,1683.9,1673.7,1689.4,1667.3
2014-05-02,1682,1682,1687.5,1674.6
2014-05-06,1682,1682,1687.5,1671.5
2014-05-07,1681.1,1677.4,1694.3,1673.4
2014-05-08,1703.2,1685.7,1703.2,1677.4
2014-05-09,1694.9,1702.3,1706,1682.9
2014-05-12,1708.7,1701.4,1708.7,1695.8
2014-05-13,1665.4,1682,1696.8,1661.7
2014-05-14,1659,1668.2,1670,1656.2
2014-05-15,1668.2,1687.5,1729.9,1667.3
2014-05-16,1639.6,1671.9,1673.7,1624.9
2014-05-19,1624.9,1639.6,1663.2,1622.1
2014-05-20,1647,1632.3,1652.5,1616.6
2014-05-21,1652.5,1647.9,1657.1,1635
2014-05-22,1666.4,1652.5,1671.9,1644.2
2014-05-23,1706,1683.9,1709.6,1676.5
2014-05-27,1755.7,1723.5,1757.5,1717
2014-05-28,1800.8,1752.9,1805.4,1752.9
2014-05-29,1801.8,1799,1805.4,1793.5
2014-05-30,1803.6,1805.4,1816.2,1797.2
2014-06-02,1796.2,1807.3,1818.3,1794.4
2014-06-03,1801.8,1794.4,1803.6,1787
2014-06-04,1803.6,1798.1,1813.7,1789.8
2014-06-05,1794.4,1802.7,1805.4,1789.8
2014-06-06,1822,1794.4,1822,1792.5
2014-06-09,1820.2,1828.5,1834.9,1816.5
2014-06-10,1817.4,1820.2,1820.2,1805.4
2014-06-11,1812.8,1811,1819.3,1806.4
2014-06-12,1836.8,1814.7,1838.6,1811.4
2014-06-13,1811.9,1824.8,1825.7,1782.4
2014-06-16,1768.6,1800.8,1813.7,1768.6
2014-06-17,1772.3,1765.8,1792.5,1764.9
2014-06-18,1757.5,1769.5,1780.6,1757.5
2014-06-19,1780.6,1767.7,1793.5,1767.7
2014-06-20,1779.7,1775,1788.9,1772.3
2014-06-23,1762.2,1784.3,1788.9,1758.1
2014-06-24,1729.9,1770.4,1770.4,1723.5
2014-06-25,1722.5,1723.5,1729.9,1711.5
2014-06-26,1827.6,1754.8,1850.6,1743.7
2014-06-27,1833.1,1823.9,1837.7,1814.7
2014-06-30,1848.7,1837.7,1859.8,1831.2
2014-07-01,1850.6,1853.3,1859.8,1841.4
2014-07-02,1868.1,1852.4,1871.8,1843.2
2014-07-03,1869,1866.2,1876.4,1858
2014-07-04,1858,1869.9,1870.8,1850.6
2014-07-07,1845.1,1858,1863.5,1829.4
2014-07-08,1805.4,1849.7,1850.6,1805.4
2014-07-09,1801.8,1806.4,1808.2,1786.1
2014-07-10,1746.5,1790.7,1794.4,1722.5
2014-07-11,1764,1746.5,1764,1746.5
2014-07-14,1801.8,1767.7,1801.8,1761.2
2014-07-15,1792.5,1799.9,1808.2,1776.9
2014-07-16,1821.1,1811,1839.5,1785.7
2014-07-17,1796.2,1814.7,1825.7,1790.7
2014-07-18,1774.1,1790.7,1790.7,1761.2
2014-07-21,1761.2,1776.9,1776.9,1748.3
2014-07-22,1792.5,1775,1792.5,1768.6
2014-07-23,1768.6,1770.4,1786.1,1762.2
2014-07-24,1780.6,1773.2,1786.1,1759.4
2014-07-25,1785.2,1777.8,1797.2,1774.1
2014-07-28,1785.2,1794.4,1794.4,1764.9
2014-07-29,1794.4,1792.5,1803.6,1782.4
2014-07-30,1796.2,1792.5,1801.8,1782.4
2014-07-31,1785.2,1798.1,1799.9,1768.6
2014-08-01,1752.9,1785.2,1785.2,1752
2014-08-04,1746.5,1757.5,1758.5,1730.8
2014-08-05,1743.7,1753.9,1770.4,1735.4
2014-08-06,1722.5,1738.2,1738.2,1695.8
2014-08-07,1709.6,1721.6,1724.4,1699.5
2014-08-08,1712.4,1695.8,1724.4,1675.6
2014-08-11,1752.9,1733.6,1763.9,1726.2
2014-08-12,1760.3,1748.3,1765.8,1743.7
2014-08-13,1778.7,1771.4,1783.3,1750.2
2014-08-14,1782.4,1778.7,1790.7,1767.7
2014-08-15,1775,1784.3,1799.6,1773.2
2014-08-18,1795.3,1791.6,1797.2,1783.3
2014-08-19,1826.6,1799,1835.8,1799
2014-08-20,1834,1830.3,1836.8,1820.2
2014-08-21,1846.9,1841.4,1852.4,1829.4
2014-08-22,1869,1836.8,1870.8,1820.2
2014-08-26,1875.5,1865.3,1883.5,1861.9
2014-08-27,1898.5,1881.9,1898.5,1880.1
2014-08-28,1873.6,1902.2,1902.2,1872.7
2014-08-29,1881.9,1873.6,1893,1869
2014-09-01,1895.7,1878.2,1895.7,1877.3
2014-09-02,1907.7,1891.1,1911.4,1891.1
2014-09-03,1897.6,1919.7,1925.2,1896.6
2014-09-04,1920.6,1893,1928.9,1889.3
2014-09-05,1879.1,1889.3,1889.3,1856.1
2014-09-08,1889.3,1872.7,1893,1872.7
2014-09-09,1909.5,1879.1,1913.2,1874.5
2014-09-10,1887.4,1899.4,1906.8,1882.8
2014-09-11,1867,1907,1919,1865
2014-09-12,1869,1867,1875,1849.6
2014-09-15,1859,1864,1874,1854
2014-09-16,1836,1850,1850,1826
2014-09-17,1864,1846,1869,1838
2014-09-18,1870,1870,1871,1853
2014-09-19,1892,1887,1910,1883
2014-09-22,1897,1890,1916.4,1880
2014-09-23,1909,1894,1912,1885
2014-09-24,1911,1912,1915,1889
2014-09-25,1892,1907,1928,1887
2014-09-26,1894,1902,1912.1,1871
2014-09-29,1892,1894,1910,1890
2014-09-30,1868,1899,1904,1853
2014-10-01,1861,1868,1874,1850
2014-10-02,1821,1869,1873,1819
2014-10-03,1857,1874,1889,1821
2014-10-06,1857,1857,1878,1840
2014-10-07,1809,1855,1855,1808
2014-10-08,1849,1804,1856,1791
2014-10-09,1822,1871,1885,1817
2014-10-10,1814,1802,1828,1797
2014-10-13,1816,1800,1824,1786
2014-10-14,1821,1802,1828,1784
2014-10-15,1794,1824,1830,1789
2014-10-16,1798,1804,1819,1761
2014-10-17,1848,1800,1848,1799
2014-10-20,1856,1843,1859,1835
2014-10-21,1889,1848,1906,1848
2014-10-22,1924,1895,1927,1895
2014-10-23,1930,1930,1945,1914
2014-10-24,1916,1920,1936.6,1915
2014-10-27,1923,1932,1939,1913
2014-10-28,1937,1938,1946,1928
2014-10-29,1940,1944,1959,1936
2014-10-30,1971,1943,1974,1928
2014-10-31,2015,1988,2040,1988
2014-11-03,2010,2010,2020.8,2000
2014-11-04,2041,2005,2042,2005
2014-11-05,2075,2049,2077,2049
2014-11-06,2049,2062,2065,2038
2014-11-07,2045,2057,2067,2037
2014-11-10,2054,2046,2059,2035
2014-11-11,2050,2053,2067,2049
2014-11-12,2025,2048,2054.6,2017
2014-11-13,2053,2050,2087,2024
2014-11-14,2055,2052,2087,2036
2014-11-17,2071,2045,2075,2044
2014-11-18,2087,2076,2090,2065
2014-11-19,2072,2092,2099,2065
2014-11-20,2084,2071,2084,2060
2014-11-21,2103,2091,2110,2082
2014-11-24,2172,2125,2178,2125
2014-11-25,2199,2172,2200,2172
2014-11-26,2219,2204,2224,2200.9
2014-11-27,2231,2227,2240,2214
2014-11-28,2255,2229,2266,2229
2014-12-01,2222,2245,2262,2217
2014-12-02,2254,2225,2255.7,2223
2014-12-03,2227,2251,2257,2225
2014-12-04,2196,2232,2236.3,2193
2014-12-05,2251,2210,2257,2203
2014-12-08,2243,2247,2252,2232
2014-12-09,2155,2228,2230,2143.5
2014-12-10,2198,2161,2218.9,2160
2014-12-11,2155,2194,2201,2150
2014-12-12,2105,2145,2148,2103
2014-12-15,2056,2101,2105,2056
2014-12-16,2128,2061,2129,2045
2014-12-17,2131,2118,2141,2101
2014-12-18,2216,2152,2221,2143
2014-12-19,2210,2224,2259,2198
2014-12-22,2247,2230,2253,2216
2014-12-23,2238,2258,2275,2225
2014-12-24,2240,2276,2276,2230
2014-12-29,2241,2240,2263,2228
2014-12-30,2213,2226,2235,2203
2014-12-31,2221,2198,2243.1,2198
2015-01-02,2224,2243,2243,2191
2015-01-05,2204,2212,2254,2199
2015-01-06,2174,2204,2210,2166
2015-01-07,2190,2183,2207,2176
2015-01-08,2216,2210,2222,2202
2015-01-09,2215,2210,2241,2206
2015-01-12,2193,2219,2243.2,2188
2015-01-13,2258,2190,2259,2188
2015-01-14,2212,2240,2242,2193
2015-01-15,2255,2226,2255,2169
2015-01-16,2255,2244,2262,2190
2015-01-19,2284,2251,2287,2238
2015-01-20,2319,2290,2321,2276
2015-01-21,2341,2319,2341,2312
2015-01-22,2380,2340,2385,2323
2015-01-23,2374,2386,2404,2361
2015-01-26,2405,2348,2416,2338.2
2015-01-27,2353,2405,2411,2342
2015-01-28,2384,2370,2384,2326
2015-01-29,2411,2374,2418,2347
2015-01-30,2365,2411,2419,2358
2015-02-02,2342,2367,2378,2310
2015-02-03,2383,2344,2393,2344
2015-02-04,2382,2380,2384,2345
2015-02-05,2361,2363,2384,2340
2015-02-06,2356,2354,2362,2330
2015-02-09,2334,2347,2354,2326
2015-02-10,2387,2341,2390,2338.6
2015-02-11,2378,2383,2394,2361
2015-02-12,2414,2370,2419,2369.7
2015-02-13,2400,2415,2436,2389
2015-02-16,2392,2388,2402,2369
2015-02-17,2422,2361,2423,2361
2015-02-18,2435,2429,2439,2422
2015-02-19,2454,2437,2458,2425
2015-02-20,2461,2451,2466,2434
2015-02-23,2506,2474,2511,2474
2015-02-24,2514,2499,2521,2485
2015-02-25,2508,2511,2553,2498
2015-02-26,2501,2500,2509,2488
2015-02-27,2480,2497,2508,2462
2015-03-02,2450,2470,2504,2444
2015-03-03,2405,2451,2463,2403
2015-03-04,2400,2423,2433,2384
2015-03-05,2403,2364,2417,2364
2015-03-06,2435,2412,2444,2394.2
2015-03-09,2454,2431,2462,2423
2015-03-10,2435,2455,2483,2435
2015-03-11,2468,2442,2471,2441
2015-03-12,2490,2477,2497.3,2467
2015-03-13,2490,2491,2504,2477
2015-03-16,2540,2500,2547,2496
2015-03-17,2510,2553,2565,2500
2015-03-18,2534,2510,2538,2499
2015-03-19,2568,2545,2568,2527
2015-03-20,2583,2580,2584,2566
2015-03-23,2565,2581,2581,2557
2015-03-24,2575,2565,2584,2552
2015-03-25,2538,2576,2595,2535
2015-03-26,2395,2310,2401.8,2263
2015-03-27,2413,2411,2452,2384
2015-03-30,2476,2444,2476,2414.2
2015-03-31,2459,2478,2502,2437
2015-04-01,2447,2469,2501,2442
2015-04-02,2484,2441,2484,2434
2015-04-07,2525,2504,2536,2476
2015-04-08,2550,2540,2582,2522
2015-04-09,2581,2593,2594,2564
2015-04-10,2585,2591,2610,2580
2015-04-13,2573,2590,2601,2567
2015-04-14,2530,2564,2572,2516
2015-04-15,2520,2529,2536,2509
2015-04-16,2531,2540,2541,2491
2015-04-17,2491,2531,2549,2485.9
2015-04-20,2498,2500,2526,2486
2015-04-21,2552,2518,2558,2512
2015-04-22,2545,2572,2577,2508
2015-04-23,2553,2548,2560,2534
2015-04-24,2555,2550,2565,2533
2015-04-27,2595,2551,2595,2535
2015-04-28,2571,2595,2602,2552
2015-04-29,2544,2580,2623,2543
2015-04-30,2549,2542,2554,2518
2015-05-01,2523,2565,2566,2523
2015-05-05,2477,2546,2552,2477
2015-05-06,2436,2471,2486,2432
2015-05-07,2406,2431,2432,2390
2015-05-08,2553,2485,2559,2447
2015-05-11,2537,2564,2569,2535
2015-05-12,2480,2527,2536,2443
2015-05-13,2460,2486,2514,2456
2015-05-14,2465,2450,2477,2438
2015-05-15,2462,2480,2515,2453
2015-05-18,2461,2470,2491,2426
2015-05-19,2475,2478,2503,2467
2015-05-20,2469,2483,2502,2465
2015-05-21,2435,2459,2470,2402
2015-05-22,2459,2447,2470,2445
2015-05-26,2444,2465,2474,2443
2015-05-27,2482,2452,2485,2439
2015-05-28,2489,2481,2501,2469
2015-05-29,2457,2485,2501,2443
2015-06-01,2466,2466,2486,2454
2015-06-02,2456,2480,2482,2439
2015-06-03,2485,2463,2497,2456
2015-06-04,2448,2476,2489,2446
2015-06-05,2391,2433,2433,2389
2015-06-08,2359,2391,2403,2359
2015-06-09,2346,2361,2371,2315
2015-06-10,2380,2346,2382,2330
2015-06-11,2407,2368,2423,2368
2015-06-12,2376,2399,2411,2371.1
2015-06-15,2331,2362,2362,2328
2015-06-16,2347,2326,2355,2302
2015-06-17,2309,2352,2353,2302
2015-06-18,2350,2311,2352,2289
2015-06-19,2404,2350,2409,2319
2015-06-22,2455,2435,2457,2422
2015-06-23,2466,2457,2469,2442
2015-06-24,2451,2469,2475,2436
2015-06-25,2451,2434,2466,2425
2015-06-26,2452,2448,2460,2427
2015-06-29,2400,2382,2423,2352.3
2015-06-30,2370,2392,2408,2367
2015-07-01,2416,2393,2423,2374
2015-07-02,2427,2417,2438,2411
2015-07-03,2426,2420,2449,2418
2015-07-06,2410,2403,2420,2387
2015-07-07,2379,2426,2434,2376
2015-07-08,2404,2389,2414,2365
2015-07-09,2462,2410,2471,2410
2015-07-10,2546,2515,2553,2507
2015-07-13,2585,2569,2586,2555.9
2015-07-14,2602,2586,2602.3,2570
2015-07-15,2641,2600,2644,2581
2015-07-16,2672,2648,2685,2645
2015-07-17,2699,2674,2703,2666
2015-07-20,2685,2693,2725,2679
2015-07-21,2655,2690,2692,2650
2015-07-22,2637,2645,2649,2620
2015-07-23,2617,2658,2667,2614
2015-07-24,2604,2610,2629,2603
2015-07-27,2537,2598,2603,2537
2015-07-28,2579,2554,2582,2533
2015-07-29,2573,2595,2601,2569
2015-07-30,2592,2579,2601,2565
2015-07-31,2611,2600,2617,2578
2015-08-03,2581,2601,2616,2577
2015-08-04,2578,2565,2583,2551
2015-08-05,2620,2621,2653,2578
2015-08-06,2583,2620,2628,2583
2015-08-07,2566,2589,2592,2553
2015-08-10,2594,2585,2601,2564
2015-08-11,2586,2584,2596,2573
2015-08-12,2523,2570,2570,2509
2015-08-13,2611,2555,2616,2555
2015-08-14,2634,2623,2645.7,2617
2015-08-17,2618,2641,2650,2596
2015-08-18,2606,2618,2625,2602
2015-08-19,2595,2600,2625,2584
2015-08-20,2552,2582,2588,2545
2015-08-21,2463,2510,2532,2463
2015-08-24,2371,2381,2407,2303
2015-08-25,2536,2404,2547,2396
2015-08-26,2462,2503,2529,2459
2015-08-27,2512,2550,2550,2494
2015-08-28,2520,2509,2520,2485
2015-09-01,2452,2494,2507,2430
2015-09-02,2457,2456,2480,2442
2015-09-03,2502,2479,2519,2477
2015-09-04,2431,2470,2474,2426
2015-09-07,2456,2452,2468,2444
2015-09-08,2493,2469,2535,2469
2015-09-09,2514,2542,2559.7,2509
2015-09-10,2523,2486,2534,2485
2015-09-11,2498,2530,2530,2487
2015-09-14,2480,2508,2534,2467.5
2015-09-15,2471,2481,2485,2450
2015-09-16,2425,2486,2501,2419
2015-09-17,2455,2428,2459,2411
2015-09-18,2392,2446,2453,2379
2015-09-21,2444,2376,2467,2376
2015-09-22,2350,2421,2440,2350
2015-09-23,2395,2344,2409,2335
2015-09-24,2384,2385,2406,2370
2015-09-25,2462,2435,2470,2425
2015-09-28,2406,2451,2467,2405
2015-09-29,2363,2373,2402,2361
2015-09-30,2419,2418,2424,2406
2015-10-01,2507,2462,2515,2449
2015-10-02,2528,2521,2545,2498
2015-10-05,2548,2580,2580,2538
2015-10-06,2554,2551,2573,2535
2015-10-07,2471,2558,2565,2463
2015-10-08,2451,2473,2475,2439
2015-10-09,2423,2461,2461,2421
2015-10-12,2415,2426,2434,2399
2015-10-13,2387,2410,2413,2365
2015-10-14,2375,2373,2387,2359
2015-10-15,2475,2386,2487,2381
2015-10-16,2458,2483,2491,2457
2015-10-19,2462,2450,2478,2448
2015-10-20,2456,2470,2479,2444
2015-10-21,2437,2458,2458,2435
2015-10-22,2495,2450,2498,2434
2015-10-23,2547,2501,2582,2501
2015-10-26,2530,2535,2559,2524
2015-10-27,2538,2533,2558,2513
2015-10-28,2559,2533,2568,2533
2015-10-29,2561,2563,2573,2545
2015-10-30,2545,2568,2571,2529
2015-11-02,2558,2533,2567,2520
2015-11-03,2546,2565,2565,2530
2015-11-04,2515,2547,2562,2514
2015-11-05,2560,2534,2561.2,2513
2015-11-06,2597,2564,2604,2559
2015-11-09,2583,2599,2616,2582
2015-11-10,2540,2590,2604,2536
2015-11-11,2542,2539,2555,2519
2015-11-12,2535,2550,2577,2525
2015-11-13,2491,2530,2533.5,2480
2015-11-16,2497,2479,2497,2463
2015-11-17,2550,2528,2551,2520
2015-11-18,2552,2542,2560,2537
2015-11-19,2585,2574,2596,2564
2015-11-20,2602,2596,2608,2570
2015-11-23,2600,2581,2603,2575
2015-11-24,2576,2589,2593,2545
2015-11-25,2614,2587,2621,2586
2015-11-26,2635,2622,2642,2615
2015-11-27,2645,2624,2652,2605
2015-11-30,2650,2636,2651,2623
2015-12-01,2654,2657,2667,2634
2015-12-02,2656,2665,2676,2654
2015-12-03,2604,2657,2666,2603
2015-12-04,2615,2595,2617,2578
2015-12-07,2646,2633,2675,2633
2015-12-08,2596,2643,2647,2581
2015-12-09,2581,2616,2617,2576
2015-12-10,2574,2574,2583,2545.6
2015-12-11,2493,2560,2563,2491
2015-12-14,2486,2496,2544,2481
2015-12-15,2603,2504,2605,2504
2015-12-16,2642,2604,2644,2598
2015-12-17,2709,2697,2716,2683
2015-12-18,2698,2694,2721,2692
2015-12-21,2676,2695,2737,2676
2015-12-22,2681,2705,2705,2664
2015-12-23,2709,2697,2723,2674
2015-12-24,2702,2724,2726,2699
2015-12-29,2780,2733,2786,2703.5
2015-12-30,2750,2769,2776,2743
2015-12-31,2744,2753,2768,2736
2016-01-04,2645,2711,2715,2633
2016-01-05,2628,2691,2705,2616
2016-01-06,2554,2618,2631,2537
2016-01-07,2512,2503,2516,2480
2016-01-08,2530,2523,2594,2523
2016-01-11,2534,2530,2561,2495
2016-01-12,2584,2551,2605,2537
2016-01-13,2539,2600,2610.5,2523
2016-01-14,2494,2504,2505.8,2452
2016-01-15,2404,2485,2512,2396.2
2016-01-18,2436,2406,2450,2396
2016-01-19,2473,2480,2508,2463.3
2016-01-20,2355,2425,2430,2336
2016-01-21,2397,2358,2401,2350
2016-01-22,2462,2456,2467,2442
2016-01-25,2458,2487,2487,2452
2016-01-26,2425,2413,2433,2413
2016-01-27,2444,2427,2447,2424
2016-01-28,2411,2443,2464,2400
2016-01-29,2474,2448,2474,2439
2016-02-01,2461,2483,2493,2437
2016-02-02,2413,2454,2463,2413
2016-02-03,2372,2412,2432,2359
2016-02-04,2369,2422,2422,2334
2016-02-05,2319,2378,2386,2315
2016-02-08,2197,2329,2337,2174
2016-02-09,2123,2197,2203,2083
2016-02-10,2179,2150,2200,2131
2016-02-11,2149,2147,2210,2134
2016-02-12,2287,2185,2295,2163
2016-02-15,2332,2342,2374,2331.8
2016-02-16,2340,2357,2367,2325
2016-02-17,2375,2350,2383,2343
2016-02-18,2341,2384,2384,2335
2016-02-19,2314,2347,2352,2295
2016-02-22,2313,2351,2352,2307
2016-02-23,2630,2299,2780,2271
2016-02-24,2532,2630,2669,2500
2016-02-25,2634,2550,2642,2528
2016-02-26,2817,2657,2824,2622.1
2016-02-29,2678,2777,2780,2671
2016-03-01,2870,2800,2918,2775
2016-03-02,2867,2803,2885,2799
2016-03-03,2893,2859,2935,2846
2016-03-04,2853,2896,2923,2819
2016-03-07,2836,2868,2871,2777
2016-03-08,2832,2802,2853,2785
2016-03-09,2833,2849,2872,2814
2016-03-10,2842,2834,2930,2826
2016-03-11,2869,2876,2892,2841
2016-03-14,2900,2876,2915,2872
2016-03-15,2906,2889,2919,2835.2
2016-03-16,2870,2926,2960,2869
2016-03-17,2890,2878,2912,2850
2016-03-18,2892,2880,2920,2862
2016-03-21,2823,2876,2886,2803
2016-03-22,2860,2800,2862,2759
2016-03-23,2820,2816,2897.6,2810
2016-03-24,2832,2792,2858,2792
2016-03-29,2833,2846,2863,2824
2016-03-30,2820,2848,2871,2809
2016-03-31,2820,2816,2851,2798
2016-04-01,2827,2802,2840,2797
2016-04-04,2790,2814,2854,2789.8
2016-04-05,2818,2800,2822,2765
2016-04-06,2850,2840,2861,2809
2016-04-07,2810,2849,2875,2791
2016-04-08,2828,2825,2849.8,2810
2016-04-11,2793,2816,2822,2793
2016-04-12,2790,2801,2835,2774
2016-04-13,2808,2804,2810,2756
2016-04-14,2798,2821,2821,2775
2016-04-15,2797,2806,2814,2773
2016-04-18,2790,2798,2809,2759
2016-04-19,2760,2784,2798,2753
2016-04-20,2772,2750,2787,2750
2016-04-21,2745,2775,2784,2745
2016-04-22,2719,2744,2749,2709
2016-04-25,2743,2725,2746,2709
2016-04-26,2759,2756,2781,2734
2016-04-27,2765,2754,2784,2746
2016-04-28,2747,2720,2755.6,2689
2016-04-29,2713,2725,2750,2708
2016-05-03,2689,2720,2725,2689
2016-05-04,2576,2682,2702,2422
2016-05-05,2614,2566,2614,2515
2016-05-06,2596,2600,2608,2563
2016-05-09,2585,2621,2627,2563
2016-05-10,2571,2596,2596,2554
2016-05-11,2578,2581,2596,2560
2016-05-12,2574,2561,2604,2552
2016-05-13,2585,2573,2585,2564
2016-05-16,2593,2563,2596,2557
2016-05-17,2584,2595,2610,2561
2016-05-18,2604,2585,2607,2555
2016-05-19,2572,2584,2603,2572
2016-05-20,2598,2583,2629,2583
2016-05-23,2599,2610,2621,2597
2016-05-24,2677,2588,2677,2583
2016-05-25,2713,2706,2740,2698
2016-05-26,2725,2703,2726,2703
2016-05-27,2724,2708,2731,2701
2016-05-31,2735,2717,2745,2717
2016-06-01,2698,2724,2731,2677
2016-06-02,2700,2686,2719,2684
2016-06-03,2661,2709,2722,2646
2016-06-06,2655,2660,2680,2655
2016-06-07,2653,2668,2682,2646
2016-06-08,2636,2643,2649,2620
2016-06-09,2634,2621,2651,2615
2016-06-10,2564,2621,2622,2550.4
2016-06-13,2516,2554,2565,2511
2016-06-14,2462,2496,2516,2462
2016-06-15,2452,2467,2477,2451
2016-06-16,2392,2423,2430,2385
2016-06-17,2455,2400,2457,2393
2016-06-20,2595,2504,2602,2504
2016-06-21,2619,2606,2627,2580
2016-06-22,2654,2622,2680,2607
2016-06-23,2735,2681,2747,2642
2016-06-24,2500,2325,2509,2259
2016-06-27,2289,2490,2493,2274
2016-06-28,2414,2357,2447,2357
2016-06-29,2492,2460,2492,2420
2016-06-30,2531,2463,2538,2447
2016-07-01,2523,2558,2574,2499
2016-07-04,2493,2545,2545,2474
2016-07-05,2440,2515,2534,2426
2016-07-06,2413,2422,2451,2409
2016-07-07,2519,2442,2556,2438
2016-07-08,2571,2526,2593,2509
2016-07-11,2635,2597,2656,2564
2016-07-12,2640,2624,2672,2609
2016-07-13,2586,2617,2646,2572
2016-07-14,2638,2611,2655,2602.6
2016-07-15,2654,2619,2694,2619
2016-07-18,2689,2640,2700.4,2640
2016-07-19,2721,2674,2721,2652
2016-07-20,2752,2709,2764,2709
2016-07-21,2734,2662,2783,2662
2016-07-22,2739,2721,2759,2705
2016-07-25,2732,2730,2748,2690
2016-07-26,2717,2749,2749,2610
2016-07-27,2749,2726,2750,2726
2016-07-28,2748,2749,2771,2740
2016-07-29,2775,2739,2784,2736
2016-08-01,2740,2786,2825,2736
2016-08-02,2746,2724,2750,2711
2016-08-03,2724,2730,2742.2,2713
2016-08-04,2779,2724,2782,2723
2016-08-05,2779,2769,2785,2753.4
2016-08-08,2775,2774,2798,2766
2016-08-09,2819,2782,2832,2774.2
2016-08-10,2847,2794,2849,2793
2016-08-11,2876,2852,2878,2826
2016-08-12,2876,2856,2886,2856
2016-08-15,2871,2895,2895,2855
2016-08-16,2881,2860,2894,2849
2016-08-17,2797,2900,2900,2797
2016-08-18,2870,2852,2882,2805
2016-08-19,2889,2833,2899.4,2829
2016-08-22,2887,2874,2903,2865
2016-08-23,2880,2916,2916,2858
2016-08-24,2822,2864,2878,2810
2016-08-25,2801,2783,2810,2749
2016-08-26,2780,2780,2790,2764
2016-08-30,2799,2763,2813,2762
2016-08-31,2755,2758,2784,2740
2016-09-01,2750,2739,2797,2735.9
2016-09-02,2767,2770,2782,2734
2016-09-05,2745,2801,2801,2745
2016-09-06,2739,2739,2748,2725
2016-09-07,2744,2755,2766,2730
2016-09-08,2736,2702,2754,2702
2016-09-09,2699,2721,2730,2698
2016-09-12,2663,2653,2680,2649
2016-09-13,2697,2670,2717,2654
2016-09-14,2698,2715,2729,2657
2016-09-15,2728,2701,2731,2664
2016-09-16,2735,2739,2746,2712
2016-09-19,2780,2713,2780,2713
2016-09-20,2797,2754,2821.4,2754
2016-09-21,2829,2814,2849,2777.6
2016-09-22,2853,2834,2856,2823
2016-09-23,2829,2839,2846,2818
2016-09-26,2844,2830,2848,2766
2016-09-27,2800,2880,2880,2780
2016-09-28,2801,2802,2837,2757
2016-09-29,2833,2722,2839,2722
2016-09-30,2800,2789,2807,2751
2016-10-03,2880,2791,2886,2746
2016-10-04,2922,2850,2944,2846
2016-10-05,2846,2910,2916,2846
2016-10-06,2831,2844,2865,2831
2016-10-07,2800,2846,2846,2799
2016-10-10,2816,2812,2837,2797
2016-10-11,2829,2806,2843,2806
2016-10-12,2795,2821,2836,2795
2016-10-13,2827,2803,2835,2770
2016-10-14,2843,2800,2856,2800
2016-10-17,2812,2868,2876.5,2799
2016-10-18,2812,2817,2880,2806
2016-10-19,2813,2814,2815,2788
2016-10-20,2842,2802,2870,2802
2016-10-21,2865,2811,2865,2811
2016-10-24,2871,2886,2927,2867
2016-10-25,2890,2884,2903,2854
2016-10-26,2868,2871,2892,2847
2016-10-27,2850,2810,2889,2808
2016-10-28,2832,2806,2846,2806
2016-10-31,2810,2815,2822,2800
2016-11-01,2815,2826,2828,2800
2016-11-02,2788,2792,2801,2775
2016-11-03,2743,2758,2801,2743
2016-11-04,2707,2714,2730,2693
2016-11-07,2763,2735,2769,2713.1
2016-11-08,2733,2742,2780,2731
2016-11-09,2789,2650,2789,2650
2016-11-10,2863,2794,2931,2783
2016-11-11,2802,2884,2903.5,2791
2016-11-14,2813,2846,2853,2813
2016-11-15,2841,2840,2853,2826.1
2016-11-16,2829,2836,2857,2820
2016-11-17,2863,2837,2863,2821
2016-11-18,2876,2871,2892.3,2830.7
2016-11-21,2830,2876,2885,2818
2016-11-22,2847,2870,2871,2840
2016-11-23,2840,2836,2856,2827
2016-11-24,2840,2853,2857.8,2823
2016-11-25,2827,2853,2853,2802
2016-11-28,2788,2800,2815,2770
2016-11-29,2776,2798,2798,2761
2016-11-30,2748,2819,2819,2747.2
2016-12-01,2684,2726,2740.2,2665
2016-12-02,2671,2659,2691.5,2643
2016-12-05,2656,2671,2683,2643
2016-12-06,2621,2653,2653,2611
2016-12-07,2687,2631,2687,2623
2016-12-08,2759,2703,2769,2633.2
2016-12-09,2774,2763,2812,2751
2016-12-12,2701,2761,2765,2700
2016-12-13,2744,2725,2755,2677
2016-12-14,2719,2725,2745,2701
2016-12-15,2767,2737,2773,2714
2016-12-16,2802,2795,2809,2776
2016-12-19,2789,2822,2840,2789
2016-12-20,2812,2792,2812,2765
2016-12-21,2812,2808,2816,2799
2016-12-22,2829,2807,2829,2800
2016-12-23,2844,2821,2870,2811
2016-12-28,2858,2898,2898,2841
2016-12-29,2855,2839,2864,2838
2016-12-30,2914,2859,2914,2807
2017-01-03,2900,2928,2928.73,2890
2017-01-04,2915,2914,2923,2877
2017-01-05,2909,2924,3390.94,2889
2017-01-06,2924,2922,2934,2899
2017-01-09,2926,2915,2938,2914
2017-01-10,2953,2916,2960,2912
2017-01-11,2935,2939,2950,2920
2017-01-12,2934,2942,2942,2912
2017-01-13,2933,2949,2950,2922
2017-01-16,2946,2935,2955,2918.06
2017-01-17,2946,2933,2973.81,2933
2017-01-18,2953,2937,2966,2937
2017-01-19,3010,2950,3015,2945
2017-01-20,3049,3015,3072,2985
2017-01-23,3097,3038,3097,3019
2017-01-24,3074,3117,3138,3067
2017-01-25,3080,3081,3116,3077
2017-01-26,3065,3118,3129,3057
2017-01-27,3100,3079,3123,3071
2017-01-30,3108,3076,3150,3076
2017-01-31,3171,3128,3185,3107
2017-02-01,3197,3197,3204,3174
2017-02-02,3187,3198,3205,3145
2017-02-03,3199,3200,3216.8,3183
2017-02-06,3159,3191,3199,3149
2017-02-07,3139,3179,3187,3139
2017-02-08,3084,3129,3163.91,3065
2017-02-09,3084,3082,3094,3067.39
2017-02-10,3071,3087,3109,3067
2017-02-13,3110,3059,3115,3059
2017-02-14,3117,3116,3138,3095
2017-02-15,3117,3142,3146,3114
2017-02-16,3119,3108,3147,3108
2017-02-17,3130,3113,3131,3104
2017-02-20,3133,3127,3164,3127
2017-02-21,3112,3139,3140,3109
2017-02-22,3114,3109,3146,3099
2017-02-23,3125,3131,3136,3102
2017-02-24,3125,3117,3133,3112.84
2017-02-27,3090,3070,3126,2964.44
2017-02-28,3078,3118,3119,3050
2017-03-01,3141,3096,3156,3077
2017-03-02,3143,3148,3160,3109
2017-03-03,3116,3198,3198,3052
2017-03-06,3104,3088,3116,3088
2017-03-07,3082,3110,3115,3077
2017-03-08,3071,3072,3081,3060
2017-03-09,3081,3090,3111,3068
2017-03-10,3060,3088,3106,3060
2017-03-13,3056,3071,3078,3056
2017-03-14,3044,3063,3067,3042.64
2017-03-15,3065,3041,3083,3041
2017-03-16,3070,3072,3092,3061
2017-03-17,3070,3069,3076,3034
2017-03-20,3098,3073,3108,3055
2017-03-21,3065,3104,3124,3061
2017-03-22,3018,3042,3045,2997
2017-03-23,3033,3013,3049,3001
2017-03-24,3016,3019,3034,3001
2017-03-27,3014,3008,3038,2995
2017-03-28,3024,3030,3030,2997
2017-03-29,3106,3044,3139.74,3001
2017-03-30,3133,3151,3167,3067
2017-03-31,3171,3140,3197,3110
2017-04-03,3191,3179,3220,3152
2017-04-04,3206,3173.75,3212,3173.75
2017-04-05,3199,3206,3234,3196
2017-04-06,3202,3174,3202.26,3160
2017-04-07,3236,3205,3236,3185
2017-04-10,3227,3220,3243,3203
2017-04-11,3235,3236,3270,3217
2017-04-12,3220,3239,3253,3213
2017-04-13,3225,3225,3237,3196
2017-04-18,3195,3222,3236,3185
2017-04-19,3172,3195,3211,3165
2017-04-20,3188,3177,3197,3164
2017-04-21,3212,3180,3233.36,3178
2017-04-24,3317,3251,3319,3251
2017-04-25,3307,3314,3334,3293
2017-04-26,3348,3317,3349,3305
2017-04-27,3391,3329,3401,3329
2017-04-28,3383,3387,3400,3305.5
2017-05-02,3388,3316,3403,3316
2017-05-03,3350,3382,3388.7,3338
2017-05-04,3357,3326,3364,3326
2017-05-05,3390,3349,3390,3337
2017-05-08,3391,3392,3407.12,3381
2017-05-09,3386,3385,3422,3367
2017-05-10,3412,3381,3441,3375
2017-05-11,3431,3413,3437,3381
2017-05-12,3454,3427,3459,3426
2017-05-15,3477,3451,3489,3451
2017-05-16,3478,3474,3493,3470
2017-05-17,3427,3468,3477,3427
2017-05-18,3432,3426,3454,3404
2017-05-19,3460,3452,3471,3441
2017-05-22,3439,3479,3479,3439
2017-05-23,3410,3445,3452,3410
2017-05-24,3423,3420,3429.48,3407.88
2017-05-25,3400,3440,3445,3394.9
2017-05-26,3391,3406,3409,3369
2017-05-30,3442,3397,3442,3375
2017-05-31,3425,3459,3471,3417
2017-06-01,3442,3435,3468,3431
2017-06-02,3483,3469,3486,3460
2017-06-05,3499,3484,3501,3444.97
2017-06-06,3439,3487,3494,3439
2017-06-07,3463,3429,3489,3423
2017-06-08,3443,3471,3477,3441
2017-06-09,3454,3437,3471,3437
2017-06-12,3399,3438,3460,3398
2017-06-13,3582,3403,3597,3403
2017-06-14,3632,3593,3667.19,3520.22
2017-06-15,3655,3623,3667,3611
2017-06-16,3711,3683,3711,3661
2017-06-19,3752,3726,3761,3726
2017-06-20,3759,3764,3779,3755
2017-06-21,3760,3755,3768.88,3737
2017-06-22,3753,3776,3776,3746
2017-06-23,3753,3754,3762,3730
2017-06-26,3750,3774,3785,3750
2017-06-27,3724,3759,3759,3700
2017-06-28,3730,3726,3752,3698
2017-06-29,3625,3742,3766.65,3612
2017-06-30,3646,3608,3648,3576
2017-07-03,3625,3630,3658,3621
2017-07-04,3605,3621,3628,3605
2017-07-05,3692,3610,3725,3591
2017-07-06,3721,3696,3724,3667
2017-07-07,3733,3730,3745,3704
2017-07-10,3731,3744,3759,3730
2017-07-11,3686,3731,3738,3685
2017-07-12,3716,3692,3731,3690
2017-07-13,3702,3726,3729.5,3694
2017-07-14,3682,3709,3709,3676
2017-07-17,3694,3673,3701,3663
2017-07-18,3680,3693,3701,3666
2017-07-19,3714,3682,3718,3656
2017-07-20,3771,3724,3773,3713
2017-07-21,3786,3761,3809,3761
2017-07-24,3736,3772,3788,3727
2017-07-25,3752,3753,3803,3725
2017-07-26,3793,3750,3795,3749
2017-07-27,3825,3780,3835,3774
2017-07-28,3761,3800,3801,3745
2017-07-31,3748,3725,3781.48,3711
2017-08-01,3787,3759,3793,3747
2017-08-02,3769,3784,3806,3739
2017-08-03,3880,3753,3897,3753
2017-08-04,3892,3903,3932,3853
2017-08-07,3879,3889,3907,3871
2017-08-08,3859,3915,3915,3857
2017-08-09,3856,3833,3869.25,3816
2017-08-10,3819,3863,3863,3804
2017-08-11,3799,3812,3812,3760
2017-08-14,3848,3808,3859,3808
2017-08-15,3858,3859,3877,3847
2017-08-16,3915,3881,3931,3881
2017-08-17,3950,3923,3966,3898
2017-08-18,3944,3929,3946,3889
2017-08-21,3948,3920,3954,3920
2017-08-22,3983,3960,3988,3945.8
2017-08-23,3973,3980,3986,3961
2017-08-24,3972,3962,3999,3962
2017-08-25,3976,3976,4005,3972
2017-08-29,3950,3968,3970,3936
2017-08-30,3944,3956,4001,3940
2017-08-31,3950,3947,3958,3940
2017-09-01,3949,4068,4069,3933
2017-09-04,3925,3917,3957,3915
2017-09-05,3886,3912,3939,3878
2017-09-06,3855,3884,3884,3851
2017-09-07,3846,3866,3873,3835
2017-09-08,3858,3830,3858,3830
2017-09-11,3894,3860,3900,3858
2017-09-12,3893,3914,3922,3881
2017-09-13,3859,3906,3906,3853
2017-09-14,3857,3865,3874,3839
2017-09-15,3816,3852,3865,3787
2017-09-18,3839,3838,3853,3822
2017-09-19,3827,3828,3834,3822
2017-09-20,3801,3829,3832,3801
2017-09-21,3781,3800,3814,3781
2017-09-22,3787,3768,3795,3756
2017-09-25,3745,3766,3783,3745
2017-09-26,3745,3753,3769,3738.38
2017-09-27,3767,3751,3768,3746
2017-09-28,3779,3764,3779.11,3740.94
2017-09-29,3830,3787,3836,3779
2017-10-02,3890,3838,3890.98,3818
2017-10-03,3875,3876,3880.95,3837.15
2017-10-04,3874,3876,3883,3863
2017-10-05,3917,3888,3919,3869
2017-10-06,3954,3931,3974,3928.5
2017-10-09,3925,3943,3972,3871.59
2017-10-10,3922,3915,3932,3903
2017-10-11,3921,3924,3927,3904
2017-10-12,3931,3911,3949,3910
2017-10-13,3922,3925,3934,3893
2017-10-16,3915,3910,3935,3871.59
2017-10-17,3899,3911,3931,3889
2017-10-18,3920,3908,3923,3891
2017-10-19,3878,3905,3916,3842
2017-10-20,3849,3894,3898,3841
2017-10-23,3845,3850,3884,3841
2017-10-24,3826,3837,3859,3826
2017-10-25,3780,3839,3839,3771.5
2017-10-26,3790,3790,3813,3780
2017-10-27,3794,3800,3833,3790.31
2017-10-30,3760,3785,3789,3757
2017-10-31,3761,3753,3784,3753
2017-11-01,3747,3765,3776,3733
2017-11-02,3750,3741,3771,3733
2017-11-03,3744,3762,3762,3739
2017-11-06,3769,3734,3786,3733
2017-11-07,3773,3779,3790.68,3755
2017-11-08,3770,3774,3774,3732
2017-11-09,3733,3761,3784,3728
2017-11-10,3720,3743,3759,3720
2017-11-13,3690,3760,3762,3678
2017-11-14,3721,3698,3736,3690
2017-11-15,3738,3722,3752,3703
2017-11-16,3784,3762,3784,3749
2017-11-17,3846,3776,3881,3776
2017-11-20,3804,3841,3841,3799
2017-11-21,3810,3794,3820,3790
2017-11-22,3803,3806,3841,3791
2017-11-23,3785,3806,3810,3774
2017-11-24,3776,3779,3841,3776
2017-11-27,3770,3785,3809,3753
2017-11-28,3800,3780,3841,3756.5
2017-11-29,3805,3737,3878,3710
2017-11-30,3779,3791,3791,3740
2017-12-01,3783,3750,3886,3735
2017-12-04,3787,3807,3846,3783
2017-12-05,3801,3805,3843,3770
2017-12-06,3769,3789,3798,3759
2017-12-07,3786,3767,3843,3760
2017-12-08,3790,3778,3803,3772
2017-12-11,3833,3789,3848,3789
2017-12-12,3843,3844,3855,3821
2017-12-13,3831,3848,3860,3760
2017-12-14,3799,3826,3860,3760
2017-12-15,3780,3805,3813,3767
2017-12-18,3790,3785,3808,3783
2017-12-19,3788,3782,3810,3776
2017-12-20,3750,3795,3805,3734
2017-12-21,3740,3743,3743,3699
2017-12-22,3738,3720,3740,3711
2017-12-27,3746,3748,3760,3722
2017-12-28,3748,3757,3767,3738
2017-12-29,3793,3750,3797,3748
2018-01-02,3742,3797,3802,3741
2018-01-03,3749,3758,3758,3734
2018-01-04,3749,3756,3762,3732
2018-01-05,3758,3762,3766,3735
2018-01-08,3744,3761,3762,3733
2018-01-09,3719,3753,3757,3719
2018-01-10,3700,3711,3742,3699
2018-01-11,3649,3676,3718.25,3612
2018-01-12,3700,3648,3706,3631
2018-01-15,3675,3707,3707,3672
2018-01-16,3699,3682,3712,3682
2018-01-17,3689,3680,3715.4,3669
2018-01-18,3695,3701,3710,3689
2018-01-19,3751,3695,3754,3691
2018-01-22,3719,3736,3749,3706
2018-01-23,3799,3739,3800,3731
2018-01-24,3988,3805,4045,3800
2018-01-25,3932,4020,4020,3923
2018-01-26,4024,3952,4047,3942
2018-01-29,4025,4035,4076,4006
2018-01-30,3989,4018,4034,3979
2018-01-31,3927,4021,4032,3923
2018-02-01,3995,3944,4013,3944
2018-02-02,4016,3993,4021,3961
2018-02-05,3955,3980,3984,3932
2018-02-06,3912,3917,3970,3866
2018-02-07,4043,3935,4054,3894
2018-02-08,3918,4034,4066,3918
2018-02-09,3863,3894,3924,3851
2018-02-12,3934,3919,3955,3914
2018-02-13,3930,3930,3962,3909
2018-02-14,3972,3959,3994,3913
2018-02-15,4022,3984,4068,3984
2018-02-16,4050,4044,4090,4042
2018-02-19,3975,4052,4066,3965
2018-02-20,4005,3995,4024,3979
2018-02-21,4069,3979,4080,3952
2018-02-22,4085,4053,4085,4020
2018-02-23,4056,4092,4092,4040
2018-02-26,4084,4091,4101,4052
2018-02-27,4054,4087,4114,4050.35
2018-02-28,4028,4044,4080,4009
2018-03-01,3942,4026,4064,3942
2018-03-02,3837,3863,3941,3797
2018-03-05,3881,3840,3904,3837
2018-03-06,3877,3839,4002,3832
2018-03-07,3922,3875,3956,3848
2018-03-08,3921,3919,3950,3888
2018-03-09,3936,3929,3952,3897
2018-03-12,3945,3936,3950,3921
2018-03-13,3905,3943,3967,3892
2018-03-14,3966,3905,3973,3902
2018-03-15,4019,3961,4042,3960
2018-03-16,3996,4053,4062,3973
2018-03-19,3959,4000,4007,3949
2018-03-20,4036,3982,4064,3981
2018-03-21,4150,4048,4150,4030
2018-03-22,4183,4111,4202,4104
2018-03-23,4124,4148,4175,4103
2018-03-26,4078,4143,4143,4065
2018-03-27,4166,4149,4206,4133
2018-03-28,4129,4140,4175,4091
2018-03-29,4126,4140,4160,4104
2018-04-03,4086,4079,4112,4057
2018-04-04,4020,4076,4081,3975
2018-04-05,4152,4089,4158,4046
2018-04-06,4218,4172,4244,4131
2018-04-09,4260,4344,4371,4198
2018-04-10,4305,4281,4320,4260
2018-04-11,4246,4291,4315,4242
2018-04-12,4238,4258,4270,4229
2018-04-13,4270,4255,4287,4227
2018-04-16,4216,4282,4282,4214
2018-04-17,4175,4221,4221,4164
2018-04-18,4205,4184,4215,4173
2018-04-19,4250,4208,4259,4198
2018-04-20,4250,4258,4278,4224
2018-04-23,4215,4269,4269,4197
2018-04-24,4300,4238,4304,4211
2018-04-25,4273,4289,4320,4272
2018-04-26,4297,4288,4320,4268
2018-04-27,4318,4319,4362,4308
2018-04-30,4300,4332,4343,4281
2018-05-01,4355,4335,4364,4315
2018-05-02,4374,4380,4401,4369
2018-05-03,4297,4339,4344,4285
2018-05-04,4330,4322,4344,4301
2018-05-08,4351,4325,4357,4325
2018-05-09,4402,4352,4416,4343
2018-05-10,4471,4418,4471,4393
2018-05-11,4431,4473,4492,4420
2018-05-14,4417,4449,4449,4395
2018-05-15,4475,4414,4487,4413
2018-05-16,4465,4477,4485,4418
2018-05-17,4498,4449,4505,4436
2018-05-18,4528,4519,4541,4497
2018-05-21,4543,4547,4572,4520
2018-05-22,4542,4555,4572,4538
2018-05-23,4469,4542,4550,4467
2018-05-24,4489,4498,4531,4480
2018-05-25,4544,4518,4565,4508
2018-05-29,4480,4577,4577,4466
2018-05-30,4448,4480,4480,4421
2018-05-31,4477,4473,4505,4448
2018-06-01,4484,4517,4528,4477
2018-06-04,4504,4479,4506,4478
2018-06-05,4516,4483,4551,4474
2018-06-06,4554,4526,4559,4510
2018-06-07,4502,4618,4620,4502
2018-06-08,4504,4480,4505,4385.08
2018-06-11,4543,4514,4583,4514
2018-06-12,4500,4550,4565.15,4489
2018-06-13,4514,4500,4558,4487
2018-06-14,4490,4490,4522,4476
2018-06-15,4410,4477,4495,4410
2018-06-18,4395,4402,4412,4372
2018-06-19,4370,4354,4386,4340
2018-06-20,4451,4387,4473,4387
2018-06-21,4450,4470,4479,4437
2018-06-22,4461,4453,4495,4451
2018-06-25,4400,4439,4478,4400
2018-06-26,4493,4421,4518,4410
2018-06-27,4459,4487,4502,4414
2018-06-28,4414,4443,4479,4386
2018-06-29,4471,4445,4514,4441.98
2018-07-02,4389,4454,4454,4375
2018-07-03,4436,4402,4457,4395
2018-07-04,4478,4419,4488,4402
2018-07-05,4459,4485,4494,4456
2018-07-06,4497,4479,4503,4446
2018-07-09,4500,4504,4522,4488
2018-07-10,4500,4500,4522,4479
2018-07-11,4494,4470,4496,4463
2018-07-12,4515,4513,4531,4493
2018-07-13,4520,4539,4580,4520
2018-07-16,4480,4516,4531,4468
2018-07-17,4500,4483,4516,4470
2018-07-18,4548,4502,4562,4498
2018-07-19,4568,4553,4607,4544
2018-07-20,4541,4570,4587,4540
2018-07-23,4536,4536,4550,4511
2018-07-24,4550,4545,4600,4538
2018-07-25,4556,4556,4589,4550
2018-07-26,4521,4560,4560,4517
2018-07-27,4492,4527,4533,4488
2018-07-30,4406,4466,4489,4404
2018-07-31,4397,4422,4432,4390
2018-08-01,4357,4400,4404.4,4348
2018-08-02,4497,4450,4520,4413
2018-08-03,4489,4531,4531,4477
2018-08-06,4468,4503,4503,4428
2018-08-07,4539,4485,4550,4474
2018-08-08,4510,4527,4539,4503
2018-08-09,4502,4510,4512,4483
2018-08-10,4481,4489,4498,4475
2018-08-13,4490,4469,4499,4445
2018-08-14,4438,4510,4510,4437
2018-08-15,4391,4453,4459,4370
2018-08-16,4398,4414,4419,4380
2018-08-17,4408,4397,4420,4373
2018-08-20,4423,4417,4453,4403
2018-08-21,4404,4435,4435,4395
2018-08-22,4447,4404,4457,4394
2018-08-23,4490,4439,4515,4425
2018-08-24,4502,4484,4510,4475
2018-08-28,4597,4547,4630,4536
2018-08-29,4634,4600,4653,4598
2018-08-30,4648,4625,4670,4618
2018-08-31,4624,4654,4703,4624
2018-09-03,4670,4627,4694,4623
2018-09-04,4681,4684,4715,4660
2018-09-05,4662,4685,4696,4626
2018-09-06,4663,4659,4700,4626
2018-09-07,4644,4657,4671,4586
2018-09-10,4726,4663,4738,4630
2018-09-11,4738,4724,4758,4680
2018-09-12,4794,4753,4798,4743
2018-09-13,4748,4791,4814,4745
2018-09-14,4790,4775,4790,4739
2018-09-17,4751,4789,4810,4749
2018-09-18,4758,4750,4794,4719
2018-09-19,4762,4753,4807,4721
2018-09-20,4747,4759,4775,4720
2018-09-21,4770,4750,4783,4734
2018-09-24,4663,4754,4780,4642
2018-09-25,4584,4663,4700,4577
2018-09-26,4585,4578,4606,4564
2018-09-27,4600,4583,4631,4565
2018-09-28,4586,4584,4609,4577
2018-10-01,4585,4580,4603,4561
2018-10-02,4519,4577,4584,4518
2018-10-03,4564,4521,4573,4518
2018-10-04,4521,4561,4567,4521
2018-10-05,4512,4541,4560,4512
2018-10-08,4430,4519,4522,4430
2018-10-09,4356,4443,4445,4348
2018-10-10,4160,4355,4363,4160
2018-10-11,4077,4102,4105,4000
2018-10-12,4097,4101,4147,4082
2018-10-15,4092,4128,4128,4040.48
2018-10-16,4197,4088,4208,4074
2018-10-17,4275,4223,4282,4209
2018-10-18,4286,4275,4316,4252
2018-10-19,4391,4284,4409,4242
2018-10-22,4355,4394,4440,4355
2018-10-23,4220,4340,4342,4201
2018-10-24,4235,4227,4300,4227
2018-10-25,4311,4200,4311,4147
2018-10-26,4236,4254,4285,4195
2018-10-29,4272,4243,4315,4241
2018-10-30,4260,4290,4299,4231
2018-10-31,4315,4315,4354,4303
2018-11-01,4279,4280,4321,4262
2018-11-02,4287,4331,4351,4270
2018-11-05,4260,4279,4294,4252
2018-11-06,4251,4255,4278,4230
2018-11-07,4256,4272,4297,4235
2018-11-08,4184,4240,4276,4184
2018-11-09,4213,4173,4242,4165
2018-11-12,4165,4252,4266,4165
2018-11-13,4209,4168,4210,4163
2018-11-14,4128,4201,4201,4087
2018-11-15,4099,4137,4182,4076
2018-11-16,4097,4125,4142,4085
2018-11-19,4056,4105,4121,4051
2018-11-20,3946,4030,4055,3944
2018-11-21,4000,3976,4004,3932
2018-11-22,4000,3988,4009,3962
2018-11-23,4030,4022,4041,3988
2018-11-26,4058,4080,4080,4018
2018-11-27,4067,4062,4081,4027
2018-11-28,4049,4090,4098,4039
2018-11-29,4083,4075,4107,4061
2018-11-30,4033,4096,4096,4016
2018-12-03,4080,4092,4100,4049
2018-12-04,4039,4055,4089,4012
2018-12-05,4027,3992,4076,3970
2018-12-06,3870,4000,4004,3842
2018-12-07,3873,3896,3964,3873
2018-12-10,3867,3893,3958,3867
2018-12-11,3930,3913,4003.07,3882
2018-12-12,4036,3930,4038,3915
2018-12-13,4030,4022,4074,3990
2018-12-14,4040,3994,4054,3994
2018-12-17,4020,4035,4050,3998
2018-12-18,4013,4055,4059,3969
2018-12-19,4030,4010,4033,3997
2018-12-20,4050,4000,4080,3966
2018-12-21,4067,4046,4086,4017
2018-12-24,3908,4039,4063,3897
2018-12-27,3983,3967,4012,3943
2018-12-28,4064,4010,4087,4010
2018-12-31,4062,4077,4082,4030
2019-01-02,4124,4040,4135,4005
2019-01-03,4068,4083,4121,4059
2019-01-04,4226,4160,4227,4075
2019-01-07,4206,4270,4279,4182
2019-01-08,4165,4200,4208,4163
2019-01-09,4198,4191,4232,4179
2019-01-10,4270,4188,4282.53,4167
2019-01-11,4323,4298,4350,4281
2019-01-14,4390,4331,4413,4306
2019-01-15,4469,4468,4494,4390
2019-01-16,4414,4494,4494,4400
2019-01-17,4404,4413,4432,4388
2019-01-18,4454,4431,4455.9,4395
2019-01-21,4507,4457,4546,4453
2019-01-22,4450,4475,4504,4440
2019-01-23,4420,4464,4482,4384
2019-01-24,4413,4432,4435,4396
2019-01-25,4420,4408,4482,4398
2019-01-28,4445,4418,4463,4409
2019-01-29,4530,4494,4550,4453
2019-01-30,4590,4526,4606,4512
2019-01-31,4579,4617,4650,4536
2019-02-01,4580,4594,4612,4552
2019-02-04,4625,4566,4629,4564
2019-02-05,4653,4626,4666,4575
2019-02-06,4650,4629,4652,4598
2019-02-07,4591,4620,4683,4591
2019-02-08,4576,4592,4618,4559
2019-02-11,4639,4601,4657,4561
2019-02-12,4579,4645,4654,4570
2019-02-13,4638,4580,4649,4576
2019-02-14,4631,4614,4649,4612
2019-02-15,4685,4630,4700,4612
2019-02-18,4670,4679,4691,4636
2019-02-19,4603,4671,4679,4591
2019-02-20,4508,4585,4601,4505
2019-02-21,4509,4510,4548,4491
2019-02-22,4510,4524,4546,4493
2019-02-25,4508,4519,4533,4497
2019-02-26,4490,4474,4520,4461
2019-02-27,4489,4491,4506.16,4424
2019-02-28,4507,4553,4567.5,4488
2019-03-01,4695,4417,4695,4391
2019-03-04,4717,4699,4767,4671
2019-03-05,4735,4724,4755,4692
2019-03-06,4705,4718,4749.34,4671
2019-03-07,4632,4687,4705,4602
2019-03-08,4635,4610,4652,4591
2019-03-11,4644,4665,4672,4620
2019-03-12,4669,4657,4720,4629
2019-03-13,4666,4678,4709.98,4628
2019-03-14,4670,4669,4691,4620
2019-03-15,4750,4695,4757,4660
2019-03-18,4781,4750,4789,4750
2019-03-19,4806,4763,4821,4763
2019-03-20,4711,4800,4821,4706.91
2019-03-21,4642,4663,4693,4525
2019-03-22,4594,4656,4676,4584
2019-03-25,4538,4566,4584,4533
2019-03-26,4601,4570,4610,4538
2019-03-27,4650,4625,4668,4597
2019-03-28,4706,4659,4732,4656
2019-03-29,4751,4710,4753,4698
2019-04-01,4754,4746,4807,4746
2019-04-02,4806,4793,4806,4753
2019-04-03,4930,4800,4931,4800
2019-04-04,4929,4901,4950,4883
2019-04-05,4944,4928,4962,4895
2019-04-08,4865,4892,4943,4852
2019-04-09,4787,4848,4858,4777
2019-04-10,4770,4800,4812,4770
2019-04-11,4840,4794,4854,4775.2
2019-04-12,4858,4840,4894,4820
2019-04-15,4863,4879,4905,4851
2019-04-16,4936,4877,4965,4851
2019-04-17,4945,4948,4950,4906
2019-04-18,4964,4946,4984,4918
2019-04-23,4997,5000,5005,4929
2019-04-24,4985,4981,5040,4981
2019-04-25,5040,5004,5054,4966
2019-04-26,5082,5064,5082,5028
2019-04-29,5108,5098,5126,5050
2019-04-30,5014,5130,5132,5008
2019-05-01,5186,5046,5186,5028
2019-05-02,5100,5110,5138,5088
2019-05-03,5116,5136,5148,5088
2019-05-07,5112,5120,5190,5110
2019-05-08,5142,5098,5146,5068
2019-05-09,5076,5112,5182,5064
2019-05-10,5072,5108,5136,5070
2019-05-13,5050,5070,5108,5024
2019-05-14,5138,5062,5142,5052
2019-05-15,5224,5160,5224,5144
2019-05-16,5284,5206,5300,5198
2019-05-17,5288,5264,5300,5243
2019-05-20,5248,5300,5320,5224
2019-05-21,5270,5268,5308,5260
2019-05-22,5292,5306,5330,5274
2019-05-23,5210,5300,5300,5186
2019-05-24,5230,5240,5272,5212
2019-05-28,5224,5232,5238,5204
2019-05-29,5146,5214,5240,5131.03
2019-05-30,5252,5146,5274.04,5136
2019-05-31,5284,5228,5284,5180
2019-06-03,5302,5270,5342,5252
2019-06-04,5300,5280,5338,5268
2019-06-05,5334,5316,5362,5298
2019-06-06,5358,5350,5418,5336
2019-06-07,5412,5386,5428,5374
2019-06-10,5464,5460,5472,5422
2019-06-11,5448,5484,5500,5434
2019-06-12,5408,5438,5450,5362
2019-06-13,5410,5386,5438,5384
2019-06-14,5446,5414,5446,5370
2019-06-17,5454,5446,5476,5426
2019-06-18,5462,5454,5478,5420
2019-06-19,5480,5486,5509,5466
2019-06-20,5530,5516,5600.02,5498
2019-06-21,5500,5518,5561.56,5488
2019-06-24,5588,5488,5588,5488
2019-06-25,5584,5586,5608,5562
2019-06-26,5510,5550,5578,5502
2019-06-27,5450,5498,5520,5432
2019-06-28,5486,5468,5550,5464.09
2019-07-01,5586,5546,5586,5506
2019-07-02,5676,5596,5676,5584
2019-07-03,5762,5690,5768,5662
2019-07-04,5784,5764,5794,5712
2019-07-05,5656,5804,5804,5652
2019-07-08,5692,5640,5716,5630
2019-07-09,5678,5692,5738,5668
2019-07-10,5668,5702,5714,5630
2019-07-11,5678,5666,5682,5656
2019-07-12,5694,5702,5734,5672
2019-07-15,5664,5684,5774.92,5618
2019-07-16,5754,5676,5782,5664
2019-07-17,5778,5748,5790,5741
2019-07-18,5770,5780,5800,5710
2019-07-19,5752,5784,5810,5734
2019-07-22,5716,5740,5758,5688
2019-07-23,5638,5706,5790,5620
2019-07-24,5628,5612,5684,5588
2019-07-25,5626,5652,5668,5574
2019-07-26,5672,5626,5694,5620
2019-07-29,6542,6100,6600,6010
2019-07-30,6504,6506,6574,6470
2019-07-31,6626,6500,6636,6484
2019-08-01,7058,6722,7272,6592
2019-08-02,6814,7120,7124,6600
2019-08-05,6606,6788,6826,6561.93
2019-08-06,6598,6560,6640,6552
2019-08-07,6790,6626,6790,6606
2019-08-08,6810,6800,6864,6758
2019-08-09,6840,6804,6880,6790
2019-08-12,6790,6976,6980,6790
2019-08-13,6748,6730,6788,6696
2019-08-14,6728,6804,6852,6670
2019-08-15,6722,6726,6780,6649.34
2019-08-16,6852,6730,6866,6724
2019-08-19,6928,6894,7002,6840
2019-08-20,6880,6958,7014,6880
2019-08-21,6900,6960,6960,6888
2019-08-22,6838,6860,6884,6760
2019-08-23,6832,6868,6906.31,6832
2019-08-27,6840,6900,6902,6784
2019-08-28,6880,6852,6904,6804
2019-08-29,6970,6894,6982,6876
2019-08-30,6954,6936,7032,6932
2019-09-02,7020,6936,7040,6932
2019-09-03,7034,7020,7058,6956
2019-09-04,7136,7100,7142,6948
2019-09-05,7208,7216,7316,7152
2019-09-06,7322,7228,7370,7202.04
2019-09-09,7080,7392,7420,7080
2019-09-10,6804,7070,7171.94,6732
2019-09-11,7206,6818,7922,6690
2019-09-12,7252,7250,7296,7158
2019-09-13,7514,7260,7566,7198
2019-09-16,7404,7434,7434,7274
2019-09-17,7350,7376,7432,7330
2019-09-18,7256,7340,7344,7256
2019-09-19,7246,7230,7256,7150
2019-09-20,7250,7200,7264,7168
2019-09-23,7306,7258,7334,7202
2019-09-24,7370,7320,7402.8,7288
2019-09-25,7254,7296,7330,7161.35
2019-09-26,7350,7268,7350,7266
2019-09-27,7360,7406,7518.46,7304
2019-09-30,7360,7324,7399.97,7324